Workbook

Sheet Read Me
A1: Cleo Camp Style Number System
A3: THE FORMAT
A4: Style number = 2-letter category + 3-digit sequence. Example: TP101 (Cleo Tee).
A5: SKU = STYLE - COLORWAY - SIZE. Example: TP101-BLK-01 (Cleo Tee, Black, size 1).
A7: THE RULES
A8: 1. A style is a pattern/design. Change the pattern, get a new number. Change only the color or size, keep the number.
A9: 2. Numbers are never reused, even if a product is retired.
A10: 3. Season, year and status are columns, not part of the code. A Cleo Tee in SS26 is the same style as in SS25.
A11: 4. Only letters, digits and hyphens. No parentheses, spaces or slashes.
A12: 5. Colors and sizes come from the Code Tables sheet. Add a code there first, then use it.
A13: 6. Next free style in a category is shown on Code Tables. Sequence starts at 101.
A15: SHEETS
... A24: Grey cells are formulas. Don't type over them.

Sheet Styles
A1: Style | B1: Product | C1: Cat | D1: Category | E1: Status | F1: Sizes | G1: # Colorways | H1: # SKUs | I1: Notes
A2: TP101 | B2: Cleo Tee | C2: =LEFT(A2,2) -> TP | D2: =IFERROR(INDEX('Code Tables'!$B$2:$B$20,MATCH(C2,'Code Tables'!$A$2:$A$20,0)),"?") -> Tops | E2: ACTIVE | F2: 01, 02, 03 | G2: =SUMIFS(SKUs!$O$2:$O$105,SKUs!$B$2:$B$105,A2) -> 9 | H2: =COUNTIF(SKUs!$B$2:$B$105,A2) -> 27 | I2: One style, many colorways (Black, White, Blackberry, Hot Pink, Splash, Red, Shell, Splish, Sunshine). Shopify spreads these across 8 product pages.
A3: TP102 | B3: Cosmo Tee | C3: =LEFT(A3,2) -> TP | D3: =IFERROR(INDEX('Code Tables'!$B$2:$B$20,MATCH(C3,'Code Tables'!$A$2:$A$20,0)),"?") -> Tops | E3: DRAFT | F3: 01, 02, 03 | G3: =SUMIFS(SKUs!$O$2:$O$105,SKUs!$B$2:$B$105,A3) -> 1 | H3: =COUNTIF(SKUs!$B$2:$B$105,A3) -> 3 | I3: Red Stripe. Separate pattern from the Cleo Tee, so its own style.
A4: DR101 | B4: You Dress | C4: =LEFT(A4,2) -> DR | D4: =IFERROR(INDEX('Code Tables'!$B$2:$B$20,MATCH(C4,'Code Tables'!$A$2:$A$20,0)),"?") -> Dresses | E4: ACTIVE | F4: 01, 02, 03 | G4: =SUMIFS(SKUs!$O$2:$O$105,SKUs!$B$2:$B$105,A4) -> 2 | H4: =COUNTIF(SKUs!$B$2:$B$105,A4) -> 6 | I4: Black and White.
A5: DR102 | B5: Story Dress | C5: =LEFT(A5,2) -> DR | D5: =IFERROR(INDEX('Code Tables'!$B$2:$B$20,MATCH(C5,'Code Tables'!$A$2:$A$20,0)),"?") -> Dresses | E5: ACTIVE | F5: 00, 01, 02, 03 | G5: =SUMIFS(SKUs!$O$2:$O$105,SKUs!$B$2:$B$105,A5) -> 2 | H5: =COUNTIF(SKUs!$B$2:$B$105,A5) -> 8 | I5: Red (Wiltshire) and Green (Betsey).
A6: BT101 | B6: 5to7 Skirt | C6: =LEFT(A6,2) -> BT | D6: =IFERROR(INDEX('Code Tables'!$B$2:$B$20,MATCH(C6,'Code Tables'!$A$2:$A$20,0)),"?") -> Bottoms | E6: NOT LIVE | F6: XS, SM, MD, LG, XL | G6: =SUMIFS(SKUs!$O$2:$O$105,SKUs!$B$2:$B$105,A6) -> 2 | H6: =COUNTIF(SKUs!$B$2:$B$105,A6) -> 10 | I6: Product exists, not in Shopify yet. Pink and Purple assumed to be two colorways (confirm).
A7: BG101 | B7: Cleo Bag | C7: =LEFT(A7,2) -> BG | D7: =IFERROR(INDEX('Code Tables'!$B$2:$B$20,MATCH(C7,'Code Tables'!$A$2:$A$20,0)),"?") -> Bags | E7: ACTIVE | F7: OS | G7: =SUMIFS(SKUs!$O$2:$O$105,SKUs!$B$2:$B$105,A7) -> 6 | H7: =COUNTIF(SKUs!$B$2:$B$105,A7) -> 6 | I7: Chocolate, Black, Silver, Olive, Denim Baby Blue, Denim Pink. Same pattern whether Shopify shows 5 products or 1 with variants.
A8: BG102 | B8: Little Sister | C8: =LEFT(A8,2) -> BG | D8: =IFERROR(INDEX('Code Tables'!$B$2:$B$20,MATCH(C8,'Code Tables'!$A$2:$A$20,0)),"?") -> Bags | E8: ACTIVE | F8: OS | G8: =SUMIFS(SKUs!$O$2:$O$105,SKUs!$B$2:$B$105,A8) -> 1 | H8: =COUNTIF(SKUs!$B$2:$B$105,A8) -> 1 | I8: Black.
A9: BG103 | B9: Bateau Bag | C9: =LEFT(A9,2) -> BG | D9: =IFERROR(INDEX('Code Tables'!$B$2:$B$20,MATCH(C9,'Code Tables'!$A$2:$A$20,0)),"?") -> Bags | E9: ACTIVE | F9: OS | G9: =SUMIFS(SKUs!$O$2:$O$105,SKUs!$B$2:$B$105,A9) -> 6 | H9: =COUNTIF(SKUs!$B$2:$B$105,A9) -> 6 | I9: Kit: body PT101 + handle AC102 in the same color. Sold as a bundle; the handle also sold alone. Confirmed.
A10: BG104 | B10: Petite Bateau Bag | C10: =LEFT(A10,2) -> BG | D10: =IFERROR(INDEX('Code Tables'!$B$2:$B$20,MATCH(C10,'Code Tables'!$A$2:$A$20,0)),"?") -> Bags | E10: ACTIVE | F10: OS | G10: =SUMIFS(SKUs!$O$2:$O$105,SKUs!$B$2:$B$105,A10) -> 6 | H10: =COUNTIF(SKUs!$B$2:$B$105,A10) -> 6 | I10: Kit: body PT102 + handle AC102. Same handle fits both bag sizes. Confirmed.
A11: BG105 | B11: Bean Bag | C11: =LEFT(A11,2) -> BG | D11: =IFERROR(INDEX('Code Tables'!$B$2:$B$20,MATCH(C11,'Code Tables'!$A$2:$A$20,0)),"?") -> Bags | E11: ACTIVE | F11: PT, MD | G11: =SUMIFS(SKUs!$O$2:$O$105,SKUs!$B$2:$B$105,A11) -> 4 | H11: =COUNTIF(SKUs!$B$2:$B$105,A11) -> 4 | I11: Petite and Medium are sizes of one style. Confirmed. Red Petite is sold live only, not in Shopify.
A12: BG106 | B12: Cachet | C12: =LEFT(A12,2) -> BG | D12: =IFERROR(INDEX('Code Tables'!$B$2:$B$20,MATCH(C12,'Code Tables'!$A$2:$A$20,0)),"?") -> Bags | E12: ACTIVE | F12: OS | G12: =SUMIFS(SKUs!$O$2:$O$105,SKUs!$B$2:$B$105,A12) -> 1 | H12: =COUNTIF(SKUs!$B$2:$B$105,A12) -> 1 | I12: Wallet/clutch, floral and crushed gold leather.
A13: AC101 | B13: Boy Belt | C13: =LEFT(A13,2) -> AC | D13: =IFERROR(INDEX('Code Tables'!$B$2:$B$20,MATCH(C13,'Code Tables'!$A$2:$A$20,0)),"?") -> Accessories | E13: ACTIVE | F13: XS, SM, MD, LG | G13: =SUMIFS(SKUs!$O$2:$O$105,SKUs!$B$2:$B$105,A13) -> 1 | H13: =COUNTIF(SKUs!$B$2:$B$105,A13) -> 4 | I13: Dark chocolate leather, silver buckle.
... A27: BT102 | B27: Tutu | C27: =LEFT(A27,2) -> BT | D27: =IFERROR(INDEX('Code Tables'!$B$2:$B$20,MATCH(C27,'Code Tables'!$A$2:$A$20,0)),"?") -> Bottoms | E27: PROPOSED | F27: TBD | G27: =SUMIFS(SKUs!$O$2:$O$105,SKUs!$B$2:$B$105,A27) -> 0 | H27: =COUNTIF(SKUs!$B$2:$B$105,A27) -> 0 | I27: Sampling. Number proposed, not confirmed.
A28: Total | G28: =SUM(G2:G27) -> 55 | H28: =SUM(H2:H27) -> 104

Sheet SKUs
A1: SKU (new) | B1: Style | C1: Product | D1: Color | E1: Colorway | F1: Size | G1: Size name | H1: Shopify handle | I1: Variant title | J1: Old SKU | K1: Status | L1: Season | M1: Check | N1: Notes | O1: Colorway count
A2: =B2&"-"&D2&"-"&F2 -> TP101-BLK-01 | B2: TP101 | C2: =IFERROR(INDEX(Styles!$B$2:$B$27,MATCH(B2,Styles!$A$2:$A$27,0)),"?") -> Cleo Tee | D2: BLK | E2: =IFERROR(INDEX('Code Tables'!$E$2:$E$40,MATCH(D2,'Code Tables'!$D$2:$D$40,0)),"?") -> Black | F2: 01 | G2: =IFERROR(INDEX('Code Tables'!$J$2:$J$20,MATCH(F2,'Code Tables'!$I$2:$I$20,0)),"?") -> Size 1 | H2: cleo-tee-w | I2: Black / 1 | J2: CCSS25COT-BLK01 | K2: ACTIVE | L2: SS25 | M2: =IF(COUNTIF($A$2:$A$105,A2)>1,"DUPLICATE",IF(ISNA(MATCH(B2,Styles!$A$2:$A$27,0)),"BAD STYLE",IF(ISNA(MATCH(D2,'Code Tables'!$D$2:$D$40,0)),"BAD COLOR",IF(ISNA(MATCH(F2,'Code Tables'!$I$2:$I$20,0)),"BAD SIZE","ok")))) -> ok | O2: =IF(COUNTIFS($B$2:B2,B2,$D$2:D2,D2)=1,1,0) -> 1
A3: =B3&"-"&D3&"-"&F3 -> TP101-BLK-02 | B3: TP101 | C3: =IFERROR(INDEX(Styles!$B$2:$B$27,MATCH(B3,Styles!$A$2:$A$27,0)),"?") -> Cleo Tee | D3: BLK | E3: =IFERROR(INDEX('Code Tables'!$E$2:$E$40,MATCH(D3,'Code Tables'!$D$2:$D$40,0)),"?") -> Black | F3: 02 | G3: =IFERROR(INDEX('Code Tables'!$J$2:$J$20,MATCH(F3,'Code Tables'!$I$2:$I$20,0)),"?") -> Size 2 | H3: cleo-tee-w | I3: Black / 2 | J3: CCSS25COT-BLK02 | K3: ACTIVE | L3: SS25 | M3: =IF(COUNTIF($A$2:$A$105,A3)>1,"DUPLICATE",IF(ISNA(MATCH(B3,Styles!$A$2:$A$27,0)),"BAD STYLE",IF(ISNA(MATCH(D3,'Code Tables'!$D$2:$D$40,0)),"BAD COLOR",IF(ISNA(MATCH(F3,'Code Tables'!$I$2:$I$20,0)),"BAD SIZE","ok")))) -> ok | O3: =IF(COUNTIFS($B$2:B3,B3,$D$2:D3,D3)=1,1,0) -> 0
A4: =B4&"-"&D4&"-"&F4 -> TP101-BLK-03 | B4: TP101 | C4: =IFERROR(INDEX(Styles!$B$2:$B$27,MATCH(B4,Styles!$A$2:$A$27,0)),"?") -> Cleo Tee | D4: BLK | E4: =IFERROR(INDEX('Code Tables'!$E$2:$E$40,MATCH(D4,'Code Tables'!$D$2:$D$40,0)),"?") -> Black | F4: 03 | G4: =IFERROR(INDEX('Code Tables'!$J$2:$J$20,MATCH(F4,'Code Tables'!$I$2:$I$20,0)),"?") -> Size 3 | H4: cleo-tee-w | I4: Black / 3 | J4: CCSS25COT-BLK03 | K4: ACTIVE | L4: SS25 | M4: =IF(COUNTIF($A$2:$A$105,A4)>1,"DUPLICATE",IF(ISNA(MATCH(B4,Styles!$A$2:$A$27,0)),"BAD STYLE",IF(ISNA(MATCH(D4,'Code Tables'!$D$2:$D$40,0)),"BAD COLOR",IF(ISNA(MATCH(F4,'Code Tables'!$I$2:$I$20,0)),"BAD SIZE","ok")))) -> ok | O4: =IF(COUNTIFS($B$2:B4,B4,$D$2:D4,D4)=1,1,0) -> 0
A5: =B5&"-"&D5&"-"&F5 -> TP101-WHT-01 | B5: TP101 | C5: =IFERROR(INDEX(Styles!$B$2:$B$27,MATCH(B5,Styles!$A$2:$A$27,0)),"?") -> Cleo Tee | D5: WHT | E5: =IFERROR(INDEX('Code Tables'!$E$2:$E$40,MATCH(D5,'Code Tables'!$D$2:$D$40,0)),"?") -> White | F5: 01 | G5: =IFERROR(INDEX('Code Tables'!$J$2:$J$20,MATCH(F5,'Code Tables'!$I$2:$I$20,0)),"?") -> Size 1 | H5: cleo-tee-w | I5: White / 1 | J5: CCSS25COT-WHT01 | K5: ACTIVE | L5: SS25 | M5: =IF(COUNTIF($A$2:$A$105,A5)>1,"DUPLICATE",IF(ISNA(MATCH(B5,Styles!$A$2:$A$27,0)),"BAD STYLE",IF(ISNA(MATCH(D5,'Code Tables'!$D$2:$D$40,0)),"BAD COLOR",IF(ISNA(MATCH(F5,'Code Tables'!$I$2:$I$20,0)),"BAD SIZE","ok")))) -> ok | O5: =IF(COUNTIFS($B$2:B5,B5,$D$2:D5,D5)=1,1,0) -> 1
A6: =B6&"-"&D6&"-"&F6 -> TP101-WHT-02 | B6: TP101 | C6: =IFERROR(INDEX(Styles!$B$2:$B$27,MATCH(B6,Styles!$A$2:$A$27,0)),"?") -> Cleo Tee | D6: WHT | E6: =IFERROR(INDEX('Code Tables'!$E$2:$E$40,MATCH(D6,'Code Tables'!$D$2:$D$40,0)),"?") -> White | F6: 02 | G6: =IFERROR(INDEX('Code Tables'!$J$2:$J$20,MATCH(F6,'Code Tables'!$I$2:$I$20,0)),"?") -> Size 2 | H6: cleo-tee-w | I6: White / 2 | J6: CCSS25COT-WHT02 | K6: ACTIVE | L6: SS25 | M6: =IF(COUNTIF($A$2:$A$105,A6)>1,"DUPLICATE",IF(ISNA(MATCH(B6,Styles!$A$2:$A$27,0)),"BAD STYLE",IF(ISNA(MATCH(D6,'Code Tables'!$D$2:$D$40,0)),"BAD COLOR",IF(ISNA(MATCH(F6,'Code Tables'!$I$2:$I$20,0)),"BAD SIZE","ok")))) -> ok | O6: =IF(COUNTIFS($B$2:B6,B6,$D$2:D6,D6)=1,1,0) -> 0
A7: =B7&"-"&D7&"-"&F7 -> TP101-WHT-03 | B7: TP101 | C7: =IFERROR(INDEX(Styles!$B$2:$B$27,MATCH(B7,Styles!$A$2:$A$27,0)),"?") -> Cleo Tee | D7: WHT | E7: =IFERROR(INDEX('Code Tables'!$E$2:$E$40,MATCH(D7,'Code Tables'!$D$2:$D$40,0)),"?") -> White | F7: 03 | G7: =IFERROR(INDEX('Code Tables'!$J$2:$J$20,MATCH(F7,'Code Tables'!$I$2:$I$20,0)),"?") -> Size 3 | H7: cleo-tee-w | I7: White / 3 | J7: CCSS25COT-WHT03 | K7: ACTIVE | L7: SS25 | M7: =IF(COUNTIF($A$2:$A$105,A7)>1,"DUPLICATE",IF(ISNA(MATCH(B7,Styles!$A$2:$A$27,0)),"BAD STYLE",IF(ISNA(MATCH(D7,'Code Tables'!$D$2:$D$40,0)),"BAD COLOR",IF(ISNA(MATCH(F7,'Code Tables'!$I$2:$I$20,0)),"BAD SIZE","ok")))) -> ok | O7: =IF(COUNTIFS($B$2:B7,B7,$D$2:D7,D7)=1,1,0) -> 0
A8: =B8&"-"&D8&"-"&F8 -> TP101-BER-01 | B8: TP101 | C8: =IFERROR(INDEX(Styles!$B$2:$B$27,MATCH(B8,Styles!$A$2:$A$27,0)),"?") -> Cleo Tee | D8: BER | E8: =IFERROR(INDEX('Code Tables'!$E$2:$E$40,MATCH(D8,'Code Tables'!$D$2:$D$40,0)),"?") -> Blackberry | F8: 01 | G8: =IFERROR(INDEX('Code Tables'!$J$2:$J$20,MATCH(F8,'Code Tables'!$I$2:$I$20,0)),"?") -> Size 1 | H8: cleo-tee-blackberry | I8: Blackberry / 1 | J8: CCSS26COT-BER01 | K8: UNLISTED | L8: SS26 | M8: =IF(COUNTIF($A$2:$A$105,A8)>1,"DUPLICATE",IF(ISNA(MATCH(B8,Styles!$A$2:$A$27,0)),"BAD STYLE",IF(ISNA(MATCH(D8,'Code Tables'!$D$2:$D$40,0)),"BAD COLOR",IF(ISNA(MATCH(F8,'Code Tables'!$I$2:$I$20,0)),"BAD SIZE","ok")))) -> ok | O8: =IF(COUNTIFS($B$2:B8,B8,$D$2:D8,D8)=1,1,0) -> 1
A9: =B9&"-"&D9&"-"&F9 -> TP101-BER-02 | B9: TP101 | C9: =IFERROR(INDEX(Styles!$B$2:$B$27,MATCH(B9,Styles!$A$2:$A$27,0)),"?") -> Cleo Tee | D9: BER | E9: =IFERROR(INDEX('Code Tables'!$E$2:$E$40,MATCH(D9,'Code Tables'!$D$2:$D$40,0)),"?") -> Blackberry | F9: 02 | G9: =IFERROR(INDEX('Code Tables'!$J$2:$J$20,MATCH(F9,'Code Tables'!$I$2:$I$20,0)),"?") -> Size 2 | H9: cleo-tee-blackberry | I9: Blackberry / 2 | J9: CCSS26COT-BER02 | K9: UNLISTED | L9: SS26 | M9: =IF(COUNTIF($A$2:$A$105,A9)>1,"DUPLICATE",IF(ISNA(MATCH(B9,Styles!$A$2:$A$27,0)),"BAD STYLE",IF(ISNA(MATCH(D9,'Code Tables'!$D$2:$D$40,0)),"BAD COLOR",IF(ISNA(MATCH(F9,'Code Tables'!$I$2:$I$20,0)),"BAD SIZE","ok")))) -> ok | O9: =IF(COUNTIFS($B$2:B9,B9,$D$2:D9,D9)=1,1,0) -> 0
A10: =B10&"-"&D10&"-"&F10 -> TP101-BER-03 | B10: TP101 | C10: =IFERROR(INDEX(Styles!$B$2:$B$27,MATCH(B10,Styles!$A$2:$A$27,0)),"?") -> Cleo Tee | D10: BER | E10: =IFERROR(INDEX('Code Tables'!$E$2:$E$40,MATCH(D10,'Code Tables'!$D$2:$D$40,0)),"?") -> Blackberry | F10: 03 | G10: =IFERROR(INDEX('Code Tables'!$J$2:$J$20,MATCH(F10,'Code Tables'!$I$2:$I$20,0)),"?") -> Size 3 | H10: cleo-tee-blackberry | I10: Blackberry / 3 | J10: CCSS26COT-BER03 | K10: UNLISTED | L10: SS26 | M10: =IF(COUNTIF($A$2:$A$105,A10)>1,"DUPLICATE",IF(ISNA(MATCH(B10,Styles!$A$2:$A$27,0)),"BAD STYLE",IF(ISNA(MATCH(D10,'Code Tables'!$D$2:$D$40,0)),"BAD COLOR",IF(ISNA(MATCH(F10,'Code Tables'!$I$2:$I$20,0)),"BAD SIZE","ok")))) -> ok | O10: =IF(COUNTIFS($B$2:B10,B10,$D$2:D10,D10)=1,1,0) -> 0
A11: =B11&"-"&D11&"-"&F11 -> TP101-HPK-01 | B11: TP101 | C11: =IFERROR(INDEX(Styles!$B$2:$B$27,MATCH(B11,Styles!$A$2:$A$27,0)),"?") -> Cleo Tee | D11: HPK | E11: =IFERROR(INDEX('Code Tables'!$E$2:$E$40,MATCH(D11,'Code Tables'!$D$2:$D$40,0)),"?") -> Hot Pink | F11: 01 | G11: =IFERROR(INDEX('Code Tables'!$J$2:$J$20,MATCH(F11,'Code Tables'!$I$2:$I$20,0)),"?") -> Size 1 | H11: cleo-tee-hot-pink | I11: Hot Pink / 1 | K11: ACTIVE | M11: =IF(COUNTIF($A$2:$A$105,A11)>1,"DUPLICATE",IF(ISNA(MATCH(B11,Styles!$A$2:$A$27,0)),"BAD STYLE",IF(ISNA(MATCH(D11,'Code Tables'!$D$2:$D$40,0)),"BAD COLOR",IF(ISNA(MATCH(F11,'Code Tables'!$I$2:$I$20,0)),"BAD SIZE","ok")))) -> ok | O11: =IF(COUNTIFS($B$2:B11,B11,$D$2:D11,D11)=1,1,0) -> 1
A12: =B12&"-"&D12&"-"&F12 -> TP101-HPK-02 | B12: TP101 | C12: =IFERROR(INDEX(Styles!$B$2:$B$27,MATCH(B12,Styles!$A$2:$A$27,0)),"?") -> Cleo Tee | D12: HPK | E12: =IFERROR(INDEX('Code Tables'!$E$2:$E$40,MATCH(D12,'Code Tables'!$D$2:$D$40,0)),"?") -> Hot Pink | F12: 02 | G12: =IFERROR(INDEX('Code Tables'!$J$2:$J$20,MATCH(F12,'Code Tables'!$I$2:$I$20,0)),"?") -> Size 2 | H12: cleo-tee-hot-pink | I12: Hot Pink / 2 | K12: ACTIVE | M12: =IF(COUNTIF($A$2:$A$105,A12)>1,"DUPLICATE",IF(ISNA(MATCH(B12,Styles!$A$2:$A$27,0)),"BAD STYLE",IF(ISNA(MATCH(D12,'Code Tables'!$D$2:$D$40,0)),"BAD COLOR",IF(ISNA(MATCH(F12,'Code Tables'!$I$2:$I$20,0)),"BAD SIZE","ok")))) -> ok | O12: =IF(COUNTIFS($B$2:B12,B12,$D$2:D12,D12)=1,1,0) -> 0
A13: =B13&"-"&D13&"-"&F13 -> TP101-HPK-03 | B13: TP101 | C13: =IFERROR(INDEX(Styles!$B$2:$B$27,MATCH(B13,Styles!$A$2:$A$27,0)),"?") -> Cleo Tee | D13: HPK | E13: =IFERROR(INDEX('Code Tables'!$E$2:$E$40,MATCH(D13,'Code Tables'!$D$2:$D$40,0)),"?") -> Hot Pink | F13: 03 | G13: =IFERROR(INDEX('Code Tables'!$J$2:$J$20,MATCH(F13,'Code Tables'!$I$2:$I$20,0)),"?") -> Size 3 | H13: cleo-tee-hot-pink | I13: Hot Pink / 3 | K13: ACTIVE | M13: =IF(COUNTIF($A$2:$A$105,A13)>1,"DUPLICATE",IF(ISNA(MATCH(B13,Styles!$A$2:$A$27,0)),"BAD STYLE",IF(ISNA(MATCH(D13,'Code Tables'!$D$2:$D$40,0)),"BAD COLOR",IF(ISNA(MATCH(F13,'Code Tables'!$I$2:$I$20,0)),"BAD SIZE","ok")))) -> ok | O13: =IF(COUNTIFS($B$2:B13,B13,$D$2:D13,D13)=1,1,0) -> 0
A14: =B14&"-"&D14&"-"&F14 -> TP101-SPS-01 | B14: TP101 | C14: =IFERROR(INDEX(Styles!$B$2:$B$27,MATCH(B14,Styles!$A$2:$A$27,0)),"?") -> Cleo Tee | D14: SPS | E14: =IFERROR(INDEX('Code Tables'!$E$2:$E$40,MATCH(D14,'Code Tables'!$D$2:$D$40,0)),"?") -> Splash | F14: 01 | G14: =IFERROR(INDEX('Code Tables'!$J$2:$J$20,MATCH(F14,'Code Tables'!$I$2:$I$20,0)),"?") -> Size 1 | H14: neverworns-tee | I14: Splash / 1 | J14: CCFW25COTNV-SLPS01 | K14: ACTIVE | L14: FW25 | M14: =IF(COUNTIF($A$2:$A$105,A14)>1,"DUPLICATE",IF(ISNA(MATCH(B14,Styles!$A$2:$A$27,0)),"BAD STYLE",IF(ISNA(MATCH(D14,'Code Tables'!$D$2:$D$40,0)),"BAD COLOR",IF(ISNA(MATCH(F14,'Code Tables'!$I$2:$I$20,0)),"BAD SIZE","ok")))) -> ok | O14: =IF(COUNTIFS($B$2:B14,B14,$D$2:D14,D14)=1,1,0) -> 1
A15: =B15&"-"&D15&"-"&F15 -> TP101-SPS-02 | B15: TP101 | C15: =IFERROR(INDEX(Styles!$B$2:$B$27,MATCH(B15,Styles!$A$2:$A$27,0)),"?") -> Cleo Tee | D15: SPS | E15: =IFERROR(INDEX('Code Tables'!$E$2:$E$40,MATCH(D15,'Code Tables'!$D$2:$D$40,0)),"?") -> Splash | F15: 02 | G15: =IFERROR(INDEX('Code Tables'!$J$2:$J$20,MATCH(F15,'Code Tables'!$I$2:$I$20,0)),"?") -> Size 2 | H15: neverworns-tee | I15: Splash / 2 | J15: CCFW25COTNV-SLPS02 | K15: ACTIVE | L15: FW25 | M15: =IF(COUNTIF($A$2:$A$105,A15)>1,"DUPLICATE",IF(ISNA(MATCH(B15,Styles!$A$2:$A$27,0)),"BAD STYLE",IF(ISNA(MATCH(D15,'Code Tables'!$D$2:$D$40,0)),"BAD COLOR",IF(ISNA(MATCH(F15,'Code Tables'!$I$2:$I$20,0)),"BAD SIZE","ok")))) -> ok | O15: =IF(COUNTIFS($B$2:B15,B15,$D$2:D15,D15)=1,1,0) -> 0
A16: =B16&"-"&D16&"-"&F16 -> TP101-SPS-03 | B16: TP101 | C16: =IFERROR(INDEX(Styles!$B$2:$B$27,MATCH(B16,Styles!$A$2:$A$27,0)),"?") -> Cleo Tee | D16: SPS | E16: =IFERROR(INDEX('Code Tables'!$E$2:$E$40,MATCH(D16,'Code Tables'!$D$2:$D$40,0)),"?") -> Splash | F16: 03 | G16: =IFERROR(INDEX('Code Tables'!$J$2:$J$20,MATCH(F16,'Code Tables'!$I$2:$I$20,0)),"?") -> Size 3 | H16: neverworns-tee | I16: Splash / 3 | J16: CCFW25COTNV-SLPS03 | K16: ACTIVE | L16: FW25 | M16: =IF(COUNTIF($A$2:$A$105,A16)>1,"DUPLICATE",IF(ISNA(MATCH(B16,Styles!$A$2:$A$27,0)),"BAD STYLE",IF(ISNA(MATCH(D16,'Code Tables'!$D$2:$D$40,0)),"BAD COLOR",IF(ISNA(MATCH(F16,'Code Tables'!$I$2:$I$20,0)),"BAD SIZE","ok")))) -> ok | O16: =IF(COUNTIFS($B$2:B16,B16,$D$2:D16,D16)=1,1,0) -> 0
A17: =B17&"-"&D17&"-"&F17 -> TP101-RED-01 | B17: TP101 | C17: =IFERROR(INDEX(Styles!$B$2:$B$27,MATCH(B17,Styles!$A$2:$A$27,0)),"?") -> Cleo Tee | D17: RED | E17: =IFERROR(INDEX('Code Tables'!$E$2:$E$40,MATCH(D17,'Code Tables'!$D$2:$D$40,0)),"?") -> Red | F17: 01 | G17: =IFERROR(INDEX('Code Tables'!$J$2:$J$20,MATCH(F17,'Code Tables'!$I$2:$I$20,0)),"?") -> Size 1 | H17: ruby-red-tee | I17: Red / 1 | J17: CCFW25COT-RED01 | K17: UNLISTED | L17: FW25 | M17: =IF(COUNTIF($A$2:$A$105,A17)>1,"DUPLICATE",IF(ISNA(MATCH(B17,Styles!$A$2:$A$27,0)),"BAD STYLE",IF(ISNA(MATCH(D17,'Code Tables'!$D$2:$D$40,0)),"BAD COLOR",IF(ISNA(MATCH(F17,'Code Tables'!$I$2:$I$20,0)),"BAD SIZE","ok")))) -> ok | O17: =IF(COUNTIFS($B$2:B17,B17,$D$2:D17,D17)=1,1,0) -> 1
A18: =B18&"-"&D18&"-"&F18 -> TP101-RED-02 | B18: TP101 | C18: =IFERROR(INDEX(Styles!$B$2:$B$27,MATCH(B18,Styles!$A$2:$A$27,0)),"?") -> Cleo Tee | D18: RED | E18: =IFERROR(INDEX('Code Tables'!$E$2:$E$40,MATCH(D18,'Code Tables'!$D$2:$D$40,0)),"?") -> Red | F18: 02 | G18: =IFERROR(INDEX('Code Tables'!$J$2:$J$20,MATCH(F18,'Code Tables'!$I$2:$I$20,0)),"?") -> Size 2 | H18: ruby-red-tee | I18: Red / 2 | J18: CCFW25COT-RED02 | K18: UNLISTED | L18: FW25 | M18: =IF(COUNTIF($A$2:$A$105,A18)>1,"DUPLICATE",IF(ISNA(MATCH(B18,Styles!$A$2:$A$27,0)),"BAD STYLE",IF(ISNA(MATCH(D18,'Code Tables'!$D$2:$D$40,0)),"BAD COLOR",IF(ISNA(MATCH(F18,'Code Tables'!$I$2:$I$20,0)),"BAD SIZE","ok")))) -> ok | O18: =IF(COUNTIFS($B$2:B18,B18,$D$2:D18,D18)=1,1,0) -> 0
A19: =B19&"-"&D19&"-"&F19 -> TP101-RED-03 | B19: TP101 | C19: =IFERROR(INDEX(Styles!$B$2:$B$27,MATCH(B19,Styles!$A$2:$A$27,0)),"?") -> Cleo Tee | D19: RED | E19: =IFERROR(INDEX('Code Tables'!$E$2:$E$40,MATCH(D19,'Code Tables'!$D$2:$D$40,0)),"?") -> Red | F19: 03 | G19: =IFERROR(INDEX('Code Tables'!$J$2:$J$20,MATCH(F19,'Code Tables'!$I$2:$I$20,0)),"?") -> Size 3 | H19: ruby-red-tee | I19: Red / 3 | J19: CCFW25COT-RED03 | K19: UNLISTED | L19: FW25 | M19: =IF(COUNTIF($A$2:$A$105,A19)>1,"DUPLICATE",IF(ISNA(MATCH(B19,Styles!$A$2:$A$27,0)),"BAD STYLE",IF(ISNA(MATCH(D19,'Code Tables'!$D$2:$D$40,0)),"BAD COLOR",IF(ISNA(MATCH(F19,'Code Tables'!$I$2:$I$20,0)),"BAD SIZE","ok")))) -> ok | O19: =IF(COUNTIFS($B$2:B19,B19,$D$2:D19,D19)=1,1,0) -> 0
A20: =B20&"-"&D20&"-"&F20 -> TP101-SHL-01 | B20: TP101 | C20: =IFERROR(INDEX(Styles!$B$2:$B$27,MATCH(B20,Styles!$A$2:$A$27,0)),"?") -> Cleo Tee | D20: SHL | E20: =IFERROR(INDEX('Code Tables'!$E$2:$E$40,MATCH(D20,'Code Tables'!$D$2:$D$40,0)),"?") -> Shell | F20: 01 | G20: =IFERROR(INDEX('Code Tables'!$J$2:$J$20,MATCH(F20,'Code Tables'!$I$2:$I$20,0)),"?") -> Size 1 | H20: cleo-tee-shell | I20: Shell / 1 | J20: CCSS26COT-SHL01 | K20: ACTIVE | L20: SS26 | M20: =IF(COUNTIF($A$2:$A$105,A20)>1,"DUPLICATE",IF(ISNA(MATCH(B20,Styles!$A$2:$A$27,0)),"BAD STYLE",IF(ISNA(MATCH(D20,'Code Tables'!$D$2:$D$40,0)),"BAD COLOR",IF(ISNA(MATCH(F20,'Code Tables'!$I$2:$I$20,0)),"BAD SIZE","ok")))) -> ok | O20: =IF(COUNTIFS($B$2:B20,B20,$D$2:D20,D20)=1,1,0) -> 1
A21: =B21&"-"&D21&"-"&F21 -> TP101-SHL-02 | B21: TP101 | C21: =IFERROR(INDEX(Styles!$B$2:$B$27,MATCH(B21,Styles!$A$2:$A$27,0)),"?") -> Cleo Tee | D21: SHL | E21: =IFERROR(INDEX('Code Tables'!$E$2:$E$40,MATCH(D21,'Code Tables'!$D$2:$D$40,0)),"?") -> Shell | F21: 02 | G21: =IFERROR(INDEX('Code Tables'!$J$2:$J$20,MATCH(F21,'Code Tables'!$I$2:$I$20,0)),"?") -> Size 2 | H21: cleo-tee-shell | I21: Shell / 2 | J21: CCSS26COT-SHL02 | K21: ACTIVE | L21: SS26 | M21: =IF(COUNTIF($A$2:$A$105,A21)>1,"DUPLICATE",IF(ISNA(MATCH(B21,Styles!$A$2:$A$27,0)),"BAD STYLE",IF(ISNA(MATCH(D21,'Code Tables'!$D$2:$D$40,0)),"BAD COLOR",IF(ISNA(MATCH(F21,'Code Tables'!$I$2:$I$20,0)),"BAD SIZE","ok")))) -> ok | O21: =IF(COUNTIFS($B$2:B21,B21,$D$2:D21,D21)=1,1,0) -> 0
A22: =B22&"-"&D22&"-"&F22 -> TP101-SHL-03 | B22: TP101 | C22: =IFERROR(INDEX(Styles!$B$2:$B$27,MATCH(B22,Styles!$A$2:$A$27,0)),"?") -> Cleo Tee | D22: SHL | E22: =IFERROR(INDEX('Code Tables'!$E$2:$E$40,MATCH(D22,'Code Tables'!$D$2:$D$40,0)),"?") -> Shell | F22: 03 | G22: =IFERROR(INDEX('Code Tables'!$J$2:$J$20,MATCH(F22,'Code Tables'!$I$2:$I$20,0)),"?") -> Size 3 | H22: cleo-tee-shell | I22: Shell / 3 | J22: CCSS26COT-SHL03 | K22: ACTIVE | L22: SS26 | M22: =IF(COUNTIF($A$2:$A$105,A22)>1,"DUPLICATE",IF(ISNA(MATCH(B22,Styles!$A$2:$A$27,0)),"BAD STYLE",IF(ISNA(MATCH(D22,'Code Tables'!$D$2:$D$40,0)),"BAD COLOR",IF(ISNA(MATCH(F22,'Code Tables'!$I$2:$I$20,0)),"BAD SIZE","ok")))) -> ok | O22: =IF(COUNTIFS($B$2:B22,B22,$D$2:D22,D22)=1,1,0) -> 0
A23: =B23&"-"&D23&"-"&F23 -> TP101-SPL-01 | B23: TP101 | C23: =IFERROR(INDEX(Styles!$B$2:$B$27,MATCH(B23,Styles!$A$2:$A$27,0)),"?") -> Cleo Tee | D23: SPL | E23: =IFERROR(INDEX('Code Tables'!$E$2:$E$40,MATCH(D23,'Code Tables'!$D$2:$D$40,0)),"?") -> Splish | F23: 01 | G23: =IFERROR(INDEX('Code Tables'!$J$2:$J$20,MATCH(F23,'Code Tables'!$I$2:$I$20,0)),"?") -> Size 1 | H23: cleo-tee-splish | I23: Splish / 1 | K23: ACTIVE | M23: =IF(COUNTIF($A$2:$A$105,A23)>1,"DUPLICATE",IF(ISNA(MATCH(B23,Styles!$A$2:$A$27,0)),"BAD STYLE",IF(ISNA(MATCH(D23,'Code Tables'!$D$2:$D$40,0)),"BAD COLOR",IF(ISNA(MATCH(F23,'Code Tables'!$I$2:$I$20,0)),"BAD SIZE","ok")))) -> ok | O23: =IF(COUNTIFS($B$2:B23,B23,$D$2:D23,D23)=1,1,0) -> 1
A24: =B24&"-"&D24&"-"&F24 -> TP101-SPL-02 | B24: TP101 | C24: =IFERROR(INDEX(Styles!$B$2:$B$27,MATCH(B24,Styles!$A$2:$A$27,0)),"?") -> Cleo Tee | D24: SPL | E24: =IFERROR(INDEX('Code Tables'!$E$2:$E$40,MATCH(D24,'Code Tables'!$D$2:$D$40,0)),"?") -> Splish | F24: 02 | G24: =IFERROR(INDEX('Code Tables'!$J$2:$J$20,MATCH(F24,'Code Tables'!$I$2:$I$20,0)),"?") -> Size 2 | H24: cleo-tee-splish | I24: Splish / 2 | K24: ACTIVE | M24: =IF(COUNTIF($A$2:$A$105,A24)>1,"DUPLICATE",IF(ISNA(MATCH(B24,Styles!$A$2:$A$27,0)),"BAD STYLE",IF(ISNA(MATCH(D24,'Code Tables'!$D$2:$D$40,0)),"BAD COLOR",IF(ISNA(MATCH(F24,'Code Tables'!$I$2:$I$20,0)),"BAD SIZE","ok")))) -> ok | O24: =IF(COUNTIFS($B$2:B24,B24,$D$2:D24,D24)=1,1,0) -> 0
A25: =B25&"-"&D25&"-"&F25 -> TP101-SPL-03 | B25: TP101 | C25: =IFERROR(INDEX(Styles!$B$2:$B$27,MATCH(B25,Styles!$A$2:$A$27,0)),"?") -> Cleo Tee | D25: SPL | E25: =IFERROR(INDEX('Code Tables'!$E$2:$E$40,MATCH(D25,'Code Tables'!$D$2:$D$40,0)),"?") -> Splish | F25: 03 | G25: =IFERROR(INDEX('Code Tables'!$J$2:$J$20,MATCH(F25,'Code Tables'!$I$2:$I$20,0)),"?") -> Size 3 | H25: cleo-tee-splish | I25: Splish / 3 | K25: ACTIVE | M25: =IF(COUNTIF($A$2:$A$105,A25)>1,"DUPLICATE",IF(ISNA(MATCH(B25,Styles!$A$2:$A$27,0)),"BAD STYLE",IF(ISNA(MATCH(D25,'Code Tables'!$D$2:$D$40,0)),"BAD COLOR",IF(ISNA(MATCH(F25,'Code Tables'!$I$2:$I$20,0)),"BAD SIZE","ok")))) -> ok | O25: =IF(COUNTIFS($B$2:B25,B25,$D$2:D25,D25)=1,1,0) -> 0
A26: =B26&"-"&D26&"-"&F26 -> TP101-SNS-01 | B26: TP101 | C26: =IFERROR(INDEX(Styles!$B$2:$B$27,MATCH(B26,Styles!$A$2:$A$27,0)),"?") -> Cleo Tee | D26: SNS | E26: =IFERROR(INDEX('Code Tables'!$E$2:$E$40,MATCH(D26,'Code Tables'!$D$2:$D$40,0)),"?") -> Sunshine | F26: 01 | G26: =IFERROR(INDEX('Code Tables'!$J$2:$J$20,MATCH(F26,'Code Tables'!$I$2:$I$20,0)),"?") -> Size 1 | H26: cleo-tee-wheat | I26: Sunshine / 1 | J26: CCSS26COT-SNS01 | K26: ACTIVE | L26: SS26 | M26: =IF(COUNTIF($A$2:$A$105,A26)>1,"DUPLICATE",IF(ISNA(MATCH(B26,Styles!$A$2:$A$27,0)),"BAD STYLE",IF(ISNA(MATCH(D26,'Code Tables'!$D$2:$D$40,0)),"BAD COLOR",IF(ISNA(MATCH(F26,'Code Tables'!$I$2:$I$20,0)),"BAD SIZE","ok")))) -> ok | O26: =IF(COUNTIFS($B$2:B26,B26,$D$2:D26,D26)=1,1,0) -> 1
A27: =B27&"-"&D27&"-"&F27 -> TP101-SNS-02 | B27: TP101 | C27: =IFERROR(INDEX(Styles!$B$2:$B$27,MATCH(B27,Styles!$A$2:$A$27,0)),"?") -> Cleo Tee | D27: SNS | E27: =IFERROR(INDEX('Code Tables'!$E$2:$E$40,MATCH(D27,'Code Tables'!$D$2:$D$40,0)),"?") -> Sunshine | F27: 02 | G27: =IFERROR(INDEX('Code Tables'!$J$2:$J$20,MATCH(F27,'Code Tables'!$I$2:$I$20,0)),"?") -> Size 2 | H27: cleo-tee-wheat | I27: Sunshine / 2 | J27: CCSS26COT-SNS02 | K27: ACTIVE | L27: SS26 | M27: =IF(COUNTIF($A$2:$A$105,A27)>1,"DUPLICATE",IF(ISNA(MATCH(B27,Styles!$A$2:$A$27,0)),"BAD STYLE",IF(ISNA(MATCH(D27,'Code Tables'!$D$2:$D$40,0)),"BAD COLOR",IF(ISNA(MATCH(F27,'Code Tables'!$I$2:$I$20,0)),"BAD SIZE","ok")))) -> ok | O27: =IF(COUNTIFS($B$2:B27,B27,$D$2:D27,D27)=1,1,0) -> 0
A28: =B28&"-"&D28&"-"&F28 -> TP101-SNS-03 | B28: TP101 | C28: =IFERROR(INDEX(Styles!$B$2:$B$27,MATCH(B28,Styles!$A$2:$A$27,0)),"?") -> Cleo Tee | D28: SNS | E28: =IFERROR(INDEX('Code Tables'!$E$2:$E$40,MATCH(D28,'Code Tables'!$D$2:$D$40,0)),"?") -> Sunshine | F28: 03 | G28: =IFERROR(INDEX('Code Tables'!$J$2:$J$20,MATCH(F28,'Code Tables'!$I$2:$I$20,0)),"?") -> Size 3 | H28: cleo-tee-wheat | I28: Sunshine / 3 | J28: CCSS26COT-SNS03 | K28: ACTIVE | L28: SS26 | M28: =IF(COUNTIF($A$2:$A$105,A28)>1,"DUPLICATE",IF(ISNA(MATCH(B28,Styles!$A$2:$A$27,0)),"BAD STYLE",IF(ISNA(MATCH(D28,'Code Tables'!$D$2:$D$40,0)),"BAD COLOR",IF(ISNA(MATCH(F28,'Code Tables'!$I$2:$I$20,0)),"BAD SIZE","ok")))) -> ok | O28: =IF(COUNTIFS($B$2:B28,B28,$D$2:D28,D28)=1,1,0) -> 0
A29: =B29&"-"&D29&"-"&F29 -> TP102-RST-01 | B29: TP102 | C29: =IFERROR(INDEX(Styles!$B$2:$B$27,MATCH(B29,Styles!$A$2:$A$27,0)),"?") -> Cosmo Tee | D29: RST | E29: =IFERROR(INDEX('Code Tables'!$E$2:$E$40,MATCH(D29,'Code Tables'!$D$2:$D$40,0)),"?") -> Red Stripe | F29: 01 | G29: =IFERROR(INDEX('Code Tables'!$J$2:$J$20,MATCH(F29,'Code Tables'!$I$2:$I$20,0)),"?") -> Size 1 | H29: cosmo-tee | I29: Red Stripe / 1 | K29: DRAFT | M29: =IF(COUNTIF($A$2:$A$105,A29)>1,"DUPLICATE",IF(ISNA(MATCH(B29,Styles!$A$2:$A$27,0)),"BAD STYLE",IF(ISNA(MATCH(D29,'Code Tables'!$D$2:$D$40,0)),"BAD COLOR",IF(ISNA(MATCH(F29,'Code Tables'!$I$2:$I$20,0)),"BAD SIZE","ok")))) -> ok | O29: =IF(COUNTIFS($B$2:B29,B29,$D$2:D29,D29)=1,1,0) -> 1
A30: =B30&"-"&D30&"-"&F30 -> TP102-RST-02 | B30: TP102 | C30: =IFERROR(INDEX(Styles!$B$2:$B$27,MATCH(B30,Styles!$A$2:$A$27,0)),"?") -> Cosmo Tee | D30: RST | E30: =IFERROR(INDEX('Code Tables'!$E$2:$E$40,MATCH(D30,'Code Tables'!$D$2:$D$40,0)),"?") -> Red Stripe | F30: 02 | G30: =IFERROR(INDEX('Code Tables'!$J$2:$J$20,MATCH(F30,'Code Tables'!$I$2:$I$20,0)),"?") -> Size 2 | H30: cosmo-tee | I30: Red Stripe / 2 | K30: DRAFT | M30: =IF(COUNTIF($A$2:$A$105,A30)>1,"DUPLICATE",IF(ISNA(MATCH(B30,Styles!$A$2:$A$27,0)),"BAD STYLE",IF(ISNA(MATCH(D30,'Code Tables'!$D$2:$D$40,0)),"BAD COLOR",IF(ISNA(MATCH(F30,'Code Tables'!$I$2:$I$20,0)),"BAD SIZE","ok")))) -> ok | O30: =IF(COUNTIFS($B$2:B30,B30,$D$2:D30,D30)=1,1,0) -> 0
A31: =B31&"-"&D31&"-"&F31 -> TP102-RST-03 | B31: TP102 | C31: =IFERROR(INDEX(Styles!$B$2:$B$27,MATCH(B31,Styles!$A$2:$A$27,0)),"?") -> Cosmo Tee | D31: RST | E31: =IFERROR(INDEX('Code Tables'!$E$2:$E$40,MATCH(D31,'Code Tables'!$D$2:$D$40,0)),"?") -> Red Stripe | F31: 03 | G31: =IFERROR(INDEX('Code Tables'!$J$2:$J$20,MATCH(F31,'Code Tables'!$I$2:$I$20,0)),"?") -> Size 3 | H31: cosmo-tee | I31: Red Stripe / 3 | K31: DRAFT | M31: =IF(COUNTIF($A$2:$A$105,A31)>1,"DUPLICATE",IF(ISNA(MATCH(B31,Styles!$A$2:$A$27,0)),"BAD STYLE",IF(ISNA(MATCH(D31,'Code Tables'!$D$2:$D$40,0)),"BAD COLOR",IF(ISNA(MATCH(F31,'Code Tables'!$I$2:$I$20,0)),"BAD SIZE","ok")))) -> ok | O31: =IF(COUNTIFS($B$2:B31,B31,$D$2:D31,D31)=1,1,0) -> 0
A32: =B32&"-"&D32&"-"&F32 -> DR101-BLK-01 | B32: DR101 | C32: =IFERROR(INDEX(Styles!$B$2:$B$27,MATCH(B32,Styles!$A$2:$A$27,0)),"?") -> You Dress | D32: BLK | E32: =IFERROR(INDEX('Code Tables'!$E$2:$E$40,MATCH(D32,'Code Tables'!$D$2:$D$40,0)),"?") -> Black | F32: 01 | G32: =IFERROR(INDEX('Code Tables'!$J$2:$J$20,MATCH(F32,'Code Tables'!$I$2:$I$20,0)),"?") -> Size 1 | H32: you-dress | I32: Black / 1 | J32: CCSS25COD-BLK01 | K32: ACTIVE | L32: SS25 | M32: =IF(COUNTIF($A$2:$A$105,A32)>1,"DUPLICATE",IF(ISNA(MATCH(B32,Styles!$A$2:$A$27,0)),"BAD STYLE",IF(ISNA(MATCH(D32,'Code Tables'!$D$2:$D$40,0)),"BAD COLOR",IF(ISNA(MATCH(F32,'Code Tables'!$I$2:$I$20,0)),"BAD SIZE","ok")))) -> ok | O32: =IF(COUNTIFS($B$2:B32,B32,$D$2:D32,D32)=1,1,0) -> 1
A33: =B33&"-"&D33&"-"&F33 -> DR101-BLK-02 | B33: DR101 | C33: =IFERROR(INDEX(Styles!$B$2:$B$27,MATCH(B33,Styles!$A$2:$A$27,0)),"?") -> You Dress | D33: BLK | E33: =IFERROR(INDEX('Code Tables'!$E$2:$E$40,MATCH(D33,'Code Tables'!$D$2:$D$40,0)),"?") -> Black | F33: 02 | G33: =IFERROR(INDEX('Code Tables'!$J$2:$J$20,MATCH(F33,'Code Tables'!$I$2:$I$20,0)),"?") -> Size 2 | H33: you-dress | I33: Black / 2 | J33: CCSS25COD-BLK02 | K33: ACTIVE | L33: SS25 | M33: =IF(COUNTIF($A$2:$A$105,A33)>1,"DUPLICATE",IF(ISNA(MATCH(B33,Styles!$A$2:$A$27,0)),"BAD STYLE",IF(ISNA(MATCH(D33,'Code Tables'!$D$2:$D$40,0)),"BAD COLOR",IF(ISNA(MATCH(F33,'Code Tables'!$I$2:$I$20,0)),"BAD SIZE","ok")))) -> ok | O33: =IF(COUNTIFS($B$2:B33,B33,$D$2:D33,D33)=1,1,0) -> 0
A34: =B34&"-"&D34&"-"&F34 -> DR101-BLK-03 | B34: DR101 | C34: =IFERROR(INDEX(Styles!$B$2:$B$27,MATCH(B34,Styles!$A$2:$A$27,0)),"?") -> You Dress | D34: BLK | E34: =IFERROR(INDEX('Code Tables'!$E$2:$E$40,MATCH(D34,'Code Tables'!$D$2:$D$40,0)),"?") -> Black | F34: 03 | G34: =IFERROR(INDEX('Code Tables'!$J$2:$J$20,MATCH(F34,'Code Tables'!$I$2:$I$20,0)),"?") -> Size 3 | H34: you-dress | I34: Black / 3 | J34: CCSS25COD-BLK03 | K34: ACTIVE | L34: SS25 | M34: =IF(COUNTIF($A$2:$A$105,A34)>1,"DUPLICATE",IF(ISNA(MATCH(B34,Styles!$A$2:$A$27,0)),"BAD STYLE",IF(ISNA(MATCH(D34,'Code Tables'!$D$2:$D$40,0)),"BAD COLOR",IF(ISNA(MATCH(F34,'Code Tables'!$I$2:$I$20,0)),"BAD SIZE","ok")))) -> ok | O34: =IF(COUNTIFS($B$2:B34,B34,$D$2:D34,D34)=1,1,0) -> 0
A35: =B35&"-"&D35&"-"&F35 -> DR101-WHT-01 | B35: DR101 | C35: =IFERROR(INDEX(Styles!$B$2:$B$27,MATCH(B35,Styles!$A$2:$A$27,0)),"?") -> You Dress | D35: WHT | E35: =IFERROR(INDEX('Code Tables'!$E$2:$E$40,MATCH(D35,'Code Tables'!$D$2:$D$40,0)),"?") -> White | F35: 01 | G35: =IFERROR(INDEX('Code Tables'!$J$2:$J$20,MATCH(F35,'Code Tables'!$I$2:$I$20,0)),"?") -> Size 1 | H35: you-dress | I35: White / 1 | J35: CCSS25COD-WHT01 | K35: ACTIVE | L35: SS25 | M35: =IF(COUNTIF($A$2:$A$105,A35)>1,"DUPLICATE",IF(ISNA(MATCH(B35,Styles!$A$2:$A$27,0)),"BAD STYLE",IF(ISNA(MATCH(D35,'Code Tables'!$D$2:$D$40,0)),"BAD COLOR",IF(ISNA(MATCH(F35,'Code Tables'!$I$2:$I$20,0)),"BAD SIZE","ok")))) -> ok | O35: =IF(COUNTIFS($B$2:B35,B35,$D$2:D35,D35)=1,1,0) -> 1
A36: =B36&"-"&D36&"-"&F36 -> DR101-WHT-02 | B36: DR101 | C36: =IFERROR(INDEX(Styles!$B$2:$B$27,MATCH(B36,Styles!$A$2:$A$27,0)),"?") -> You Dress | D36: WHT | E36: =IFERROR(INDEX('Code Tables'!$E$2:$E$40,MATCH(D36,'Code Tables'!$D$2:$D$40,0)),"?") -> White | F36: 02 | G36: =IFERROR(INDEX('Code Tables'!$J$2:$J$20,MATCH(F36,'Code Tables'!$I$2:$I$20,0)),"?") -> Size 2 | H36: you-dress | I36: White / 2 | J36: CCSS25COD-WHT02 | K36: ACTIVE | L36: SS25 | M36: =IF(COUNTIF($A$2:$A$105,A36)>1,"DUPLICATE",IF(ISNA(MATCH(B36,Styles!$A$2:$A$27,0)),"BAD STYLE",IF(ISNA(MATCH(D36,'Code Tables'!$D$2:$D$40,0)),"BAD COLOR",IF(ISNA(MATCH(F36,'Code Tables'!$I$2:$I$20,0)),"BAD SIZE","ok")))) -> ok | O36: =IF(COUNTIFS($B$2:B36,B36,$D$2:D36,D36)=1,1,0) -> 0
A37: =B37&"-"&D37&"-"&F37 -> DR101-WHT-03 | B37: DR101 | C37: =IFERROR(INDEX(Styles!$B$2:$B$27,MATCH(B37,Styles!$A$2:$A$27,0)),"?") -> You Dress | D37: WHT | E37: =IFERROR(INDEX('Code Tables'!$E$2:$E$40,MATCH(D37,'Code Tables'!$D$2:$D$40,0)),"?") -> White | F37: 03 | G37: =IFERROR(INDEX('Code Tables'!$J$2:$J$20,MATCH(F37,'Code Tables'!$I$2:$I$20,0)),"?") -> Size 3 | H37: you-dress | I37: White / 3 | J37: CCSS25COD-WHT03 | K37: ACTIVE | L37: SS25 | M37: =IF(COUNTIF($A$2:$A$105,A37)>1,"DUPLICATE",IF(ISNA(MATCH(B37,Styles!$A$2:$A$27,0)),"BAD STYLE",IF(ISNA(MATCH(D37,'Code Tables'!$D$2:$D$40,0)),"BAD COLOR",IF(ISNA(MATCH(F37,'Code Tables'!$I$2:$I$20,0)),"BAD SIZE","ok")))) -> ok | O37: =IF(COUNTIFS($B$2:B37,B37,$D$2:D37,D37)=1,1,0) -> 0
A38: =B38&"-"&D38&"-"&F38 -> DR102-WLT-00 | B38: DR102 | C38: =IFERROR(INDEX(Styles!$B$2:$B$27,MATCH(B38,Styles!$A$2:$A$27,0)),"?") -> Story Dress | D38: WLT | E38: =IFERROR(INDEX('Code Tables'!$E$2:$E$40,MATCH(D38,'Code Tables'!$D$2:$D$40,0)),"?") -> Wiltshire (Red) | F38: 00 | G38: =IFERROR(INDEX('Code Tables'!$J$2:$J$20,MATCH(F38,'Code Tables'!$I$2:$I$20,0)),"?") -> Size 0 | H38: story-dress | I38: Red (Wiltshire) / 0 | K38: ACTIVE | M38: =IF(COUNTIF($A$2:$A$105,A38)>1,"DUPLICATE",IF(ISNA(MATCH(B38,Styles!$A$2:$A$27,0)),"BAD STYLE",IF(ISNA(MATCH(D38,'Code Tables'!$D$2:$D$40,0)),"BAD COLOR",IF(ISNA(MATCH(F38,'Code Tables'!$I$2:$I$20,0)),"BAD SIZE","ok")))) -> ok | O38: =IF(COUNTIFS($B$2:B38,B38,$D$2:D38,D38)=1,1,0) -> 1
A39: =B39&"-"&D39&"-"&F39 -> DR102-WLT-01 | B39: DR102 | C39: =IFERROR(INDEX(Styles!$B$2:$B$27,MATCH(B39,Styles!$A$2:$A$27,0)),"?") -> Story Dress | D39: WLT | E39: =IFERROR(INDEX('Code Tables'!$E$2:$E$40,MATCH(D39,'Code Tables'!$D$2:$D$40,0)),"?") -> Wiltshire (Red) | F39: 01 | G39: =IFERROR(INDEX('Code Tables'!$J$2:$J$20,MATCH(F39,'Code Tables'!$I$2:$I$20,0)),"?") -> Size 1 | H39: story-dress | I39: Red (Wiltshire) / 1 | K39: ACTIVE | M39: =IF(COUNTIF($A$2:$A$105,A39)>1,"DUPLICATE",IF(ISNA(MATCH(B39,Styles!$A$2:$A$27,0)),"BAD STYLE",IF(ISNA(MATCH(D39,'Code Tables'!$D$2:$D$40,0)),"BAD COLOR",IF(ISNA(MATCH(F39,'Code Tables'!$I$2:$I$20,0)),"BAD SIZE","ok")))) -> ok | O39: =IF(COUNTIFS($B$2:B39,B39,$D$2:D39,D39)=1,1,0) -> 0
A40: =B40&"-"&D40&"-"&F40 -> DR102-WLT-02 | B40: DR102 | C40: =IFERROR(INDEX(Styles!$B$2:$B$27,MATCH(B40,Styles!$A$2:$A$27,0)),"?") -> Story Dress | D40: WLT | E40: =IFERROR(INDEX('Code Tables'!$E$2:$E$40,MATCH(D40,'Code Tables'!$D$2:$D$40,0)),"?") -> Wiltshire (Red) | F40: 02 | G40: =IFERROR(INDEX('Code Tables'!$J$2:$J$20,MATCH(F40,'Code Tables'!$I$2:$I$20,0)),"?") -> Size 2 | H40: story-dress | I40: Red (Wiltshire) / 2 | K40: ACTIVE | M40: =IF(COUNTIF($A$2:$A$105,A40)>1,"DUPLICATE",IF(ISNA(MATCH(B40,Styles!$A$2:$A$27,0)),"BAD STYLE",IF(ISNA(MATCH(D40,'Code Tables'!$D$2:$D$40,0)),"BAD COLOR",IF(ISNA(MATCH(F40,'Code Tables'!$I$2:$I$20,0)),"BAD SIZE","ok")))) -> ok | O40: =IF(COUNTIFS($B$2:B40,B40,$D$2:D40,D40)=1,1,0) -> 0
A41: =B41&"-"&D41&"-"&F41 -> DR102-WLT-03 | B41: DR102 | C41: =IFERROR(INDEX(Styles!$B$2:$B$27,MATCH(B41,Styles!$A$2:$A$27,0)),"?") -> Story Dress | D41: WLT | E41: =IFERROR(INDEX('Code Tables'!$E$2:$E$40,MATCH(D41,'Code Tables'!$D$2:$D$40,0)),"?") -> Wiltshire (Red) | F41: 03 | G41: =IFERROR(INDEX('Code Tables'!$J$2:$J$20,MATCH(F41,'Code Tables'!$I$2:$I$20,0)),"?") -> Size 3 | H41: story-dress | I41: Red (Wiltshire) / 3 | K41: ACTIVE | M41: =IF(COUNTIF($A$2:$A$105,A41)>1,"DUPLICATE",IF(ISNA(MATCH(B41,Styles!$A$2:$A$27,0)),"BAD STYLE",IF(ISNA(MATCH(D41,'Code Tables'!$D$2:$D$40,0)),"BAD COLOR",IF(ISNA(MATCH(F41,'Code Tables'!$I$2:$I$20,0)),"BAD SIZE","ok")))) -> ok | O41: =IF(COUNTIFS($B$2:B41,B41,$D$2:D41,D41)=1,1,0) -> 0
A42: =B42&"-"&D42&"-"&F42 -> DR102-BTS-00 | B42: DR102 | C42: =IFERROR(INDEX(Styles!$B$2:$B$27,MATCH(B42,Styles!$A$2:$A$27,0)),"?") -> Story Dress | D42: BTS | E42: =IFERROR(INDEX('Code Tables'!$E$2:$E$40,MATCH(D42,'Code Tables'!$D$2:$D$40,0)),"?") -> Betsey (Green) | F42: 00 | G42: =IFERROR(INDEX('Code Tables'!$J$2:$J$20,MATCH(F42,'Code Tables'!$I$2:$I$20,0)),"?") -> Size 0 | H42: story-dress | I42: Green (Betsey) / 0 | K42: ACTIVE | M42: =IF(COUNTIF($A$2:$A$105,A42)>1,"DUPLICATE",IF(ISNA(MATCH(B42,Styles!$A$2:$A$27,0)),"BAD STYLE",IF(ISNA(MATCH(D42,'Code Tables'!$D$2:$D$40,0)),"BAD COLOR",IF(ISNA(MATCH(F42,'Code Tables'!$I$2:$I$20,0)),"BAD SIZE","ok")))) -> ok | O42: =IF(COUNTIFS($B$2:B42,B42,$D$2:D42,D42)=1,1,0) -> 1
A43: =B43&"-"&D43&"-"&F43 -> DR102-BTS-01 | B43: DR102 | C43: =IFERROR(INDEX(Styles!$B$2:$B$27,MATCH(B43,Styles!$A$2:$A$27,0)),"?") -> Story Dress | D43: BTS | E43: =IFERROR(INDEX('Code Tables'!$E$2:$E$40,MATCH(D43,'Code Tables'!$D$2:$D$40,0)),"?") -> Betsey (Green) | F43: 01 | G43: =IFERROR(INDEX('Code Tables'!$J$2:$J$20,MATCH(F43,'Code Tables'!$I$2:$I$20,0)),"?") -> Size 1 | H43: story-dress | I43: Green (Betsey) / 1 | K43: ACTIVE | M43: =IF(COUNTIF($A$2:$A$105,A43)>1,"DUPLICATE",IF(ISNA(MATCH(B43,Styles!$A$2:$A$27,0)),"BAD STYLE",IF(ISNA(MATCH(D43,'Code Tables'!$D$2:$D$40,0)),"BAD COLOR",IF(ISNA(MATCH(F43,'Code Tables'!$I$2:$I$20,0)),"BAD SIZE","ok")))) -> ok | O43: =IF(COUNTIFS($B$2:B43,B43,$D$2:D43,D43)=1,1,0) -> 0
A44: =B44&"-"&D44&"-"&F44 -> DR102-BTS-02 | B44: DR102 | C44: =IFERROR(INDEX(Styles!$B$2:$B$27,MATCH(B44,Styles!$A$2:$A$27,0)),"?") -> Story Dress | D44: BTS | E44: =IFERROR(INDEX('Code Tables'!$E$2:$E$40,MATCH(D44,'Code Tables'!$D$2:$D$40,0)),"?") -> Betsey (Green) | F44: 02 | G44: =IFERROR(INDEX('Code Tables'!$J$2:$J$20,MATCH(F44,'Code Tables'!$I$2:$I$20,0)),"?") -> Size 2 | H44: story-dress | I44: Green (Betsey) / 2 | K44: ACTIVE | M44: =IF(COUNTIF($A$2:$A$105,A44)>1,"DUPLICATE",IF(ISNA(MATCH(B44,Styles!$A$2:$A$27,0)),"BAD STYLE",IF(ISNA(MATCH(D44,'Code Tables'!$D$2:$D$40,0)),"BAD COLOR",IF(ISNA(MATCH(F44,'Code Tables'!$I$2:$I$20,0)),"BAD SIZE","ok")))) -> ok | O44: =IF(COUNTIFS($B$2:B44,B44,$D$2:D44,D44)=1,1,0) -> 0
A45: =B45&"-"&D45&"-"&F45 -> DR102-BTS-03 | B45: DR102 | C45: =IFERROR(INDEX(Styles!$B$2:$B$27,MATCH(B45,Styles!$A$2:$A$27,0)),"?") -> Story Dress | D45: BTS | E45: =IFERROR(INDEX('Code Tables'!$E$2:$E$40,MATCH(D45,'Code Tables'!$D$2:$D$40,0)),"?") -> Betsey (Green) | F45: 03 | G45: =IFERROR(INDEX('Code Tables'!$J$2:$J$20,MATCH(F45,'Code Tables'!$I$2:$I$20,0)),"?") -> Size 3 | H45: story-dress | I45: Green (Betsey) / 3 | K45: ACTIVE | M45: =IF(COUNTIF($A$2:$A$105,A45)>1,"DUPLICATE",IF(ISNA(MATCH(B45,Styles!$A$2:$A$27,0)),"BAD STYLE",IF(ISNA(MATCH(D45,'Code Tables'!$D$2:$D$40,0)),"BAD COLOR",IF(ISNA(MATCH(F45,'Code Tables'!$I$2:$I$20,0)),"BAD SIZE","ok")))) -> ok | O45: =IF(COUNTIFS($B$2:B45,B45,$D$2:D45,D45)=1,1,0) -> 0
A46: =B46&"-"&D46&"-"&F46 -> BG101-CHC-OS | B46: BG101 | C46: =IFERROR(INDEX(Styles!$B$2:$B$27,MATCH(B46,Styles!$A$2:$A$27,0)),"?") -> Cleo Bag | D46: CHC | E46: =IFERROR(INDEX('Code Tables'!$E$2:$E$40,MATCH(D46,'Code Tables'!$D$2:$D$40,0)),"?") -> Chocolate | F46: OS | G46: =IFERROR(INDEX('Code Tables'!$J$2:$J$20,MATCH(F46,'Code Tables'!$I$2:$I$20,0)),"?") -> One Size | H46: cleo-bag | I46: Default Title | J46: CC23LRTCB-CHOC | K46: ACTIVE | L46: 2023 | M46: =IF(COUNTIF($A$2:$A$105,A46)>1,"DUPLICATE",IF(ISNA(MATCH(B46,Styles!$A$2:$A$27,0)),"BAD STYLE",IF(ISNA(MATCH(D46,'Code Tables'!$D$2:$D$40,0)),"BAD COLOR",IF(ISNA(MATCH(F46,'Code Tables'!$I$2:$I$20,0)),"BAD SIZE","ok")))) -> ok | O46: =IF(COUNTIFS($B$2:B46,B46,$D$2:D46,D46)=1,1,0) -> 1
A47: =B47&"-"&D47&"-"&F47 -> BG101-BLK-OS | B47: BG101 | C47: =IFERROR(INDEX(Styles!$B$2:$B$27,MATCH(B47,Styles!$A$2:$A$27,0)),"?") -> Cleo Bag | D47: BLK | E47: =IFERROR(INDEX('Code Tables'!$E$2:$E$40,MATCH(D47,'Code Tables'!$D$2:$D$40,0)),"?") -> Black | F47: OS | G47: =IFERROR(INDEX('Code Tables'!$J$2:$J$20,MATCH(F47,'Code Tables'!$I$2:$I$20,0)),"?") -> One Size | H47: cleo-bag-black-leather | I47: Default Title | J47: CC23LRTCB-BLK | K47: ACTIVE | L47: 2023 | M47: =IF(COUNTIF($A$2:$A$105,A47)>1,"DUPLICATE",IF(ISNA(MATCH(B47,Styles!$A$2:$A$27,0)),"BAD STYLE",IF(ISNA(MATCH(D47,'Code Tables'!$D$2:$D$40,0)),"BAD COLOR",IF(ISNA(MATCH(F47,'Code Tables'!$I$2:$I$20,0)),"BAD SIZE","ok")))) -> ok | O47: =IF(COUNTIFS($B$2:B47,B47,$D$2:D47,D47)=1,1,0) -> 1
A48: =B48&"-"&D48&"-"&F48 -> BG101-SLV-OS | B48: BG101 | C48: =IFERROR(INDEX(Styles!$B$2:$B$27,MATCH(B48,Styles!$A$2:$A$27,0)),"?") -> Cleo Bag | D48: SLV | E48: =IFERROR(INDEX('Code Tables'!$E$2:$E$40,MATCH(D48,'Code Tables'!$D$2:$D$40,0)),"?") -> Silver | F48: OS | G48: =IFERROR(INDEX('Code Tables'!$J$2:$J$20,MATCH(F48,'Code Tables'!$I$2:$I$20,0)),"?") -> One Size | H48: cleo-bag-silver | I48: Default Title | J48: CC23LRTCB-SLV | K48: ACTIVE | L48: 2023 | M48: =IF(COUNTIF($A$2:$A$105,A48)>1,"DUPLICATE",IF(ISNA(MATCH(B48,Styles!$A$2:$A$27,0)),"BAD STYLE",IF(ISNA(MATCH(D48,'Code Tables'!$D$2:$D$40,0)),"BAD COLOR",IF(ISNA(MATCH(F48,'Code Tables'!$I$2:$I$20,0)),"BAD SIZE","ok")))) -> ok | O48: =IF(COUNTIFS($B$2:B48,B48,$D$2:D48,D48)=1,1,0) -> 1
A49: =B49&"-"&D49&"-"&F49 -> BG101-DBL-OS | B49: BG101 | C49: =IFERROR(INDEX(Styles!$B$2:$B$27,MATCH(B49,Styles!$A$2:$A$27,0)),"?") -> Cleo Bag | D49: DBL | E49: =IFERROR(INDEX('Code Tables'!$E$2:$E$40,MATCH(D49,'Code Tables'!$D$2:$D$40,0)),"?") -> Denim Baby Blue | F49: OS | G49: =IFERROR(INDEX('Code Tables'!$J$2:$J$20,MATCH(F49,'Code Tables'!$I$2:$I$20,0)),"?") -> One Size | H49: cleo-bag-denim | I49: Baby Blue | J49: CC23LRTCB-DNM(BLU) | K49: ACTIVE | L49: 2023 | M49: =IF(COUNTIF($A$2:$A$105,A49)>1,"DUPLICATE",IF(ISNA(MATCH(B49,Styles!$A$2:$A$27,0)),"BAD STYLE",IF(ISNA(MATCH(D49,'Code Tables'!$D$2:$D$40,0)),"BAD COLOR",IF(ISNA(MATCH(F49,'Code Tables'!$I$2:$I$20,0)),"BAD SIZE","ok")))) -> ok | O49: =IF(COUNTIFS($B$2:B49,B49,$D$2:D49,D49)=1,1,0) -> 1
A50: =B50&"-"&D50&"-"&F50 -> BG101-DPK-OS | B50: BG101 | C50: =IFERROR(INDEX(Styles!$B$2:$B$27,MATCH(B50,Styles!$A$2:$A$27,0)),"?") -> Cleo Bag | D50: DPK | E50: =IFERROR(INDEX('Code Tables'!$E$2:$E$40,MATCH(D50,'Code Tables'!$D$2:$D$40,0)),"?") -> Denim Pink | F50: OS | G50: =IFERROR(INDEX('Code Tables'!$J$2:$J$20,MATCH(F50,'Code Tables'!$I$2:$I$20,0)),"?") -> One Size | H50: cleo-bag-denim | I50: Pink | J50: CC23LRTCB-DNM(PNK) | K50: ACTIVE | L50: 2023 | M50: =IF(COUNTIF($A$2:$A$105,A50)>1,"DUPLICATE",IF(ISNA(MATCH(B50,Styles!$A$2:$A$27,0)),"BAD STYLE",IF(ISNA(MATCH(D50,'Code Tables'!$D$2:$D$40,0)),"BAD COLOR",IF(ISNA(MATCH(F50,'Code Tables'!$I$2:$I$20,0)),"BAD SIZE","ok")))) -> ok | O50: =IF(COUNTIFS($B$2:B50,B50,$D$2:D50,D50)=1,1,0) -> 1
A51: =B51&"-"&D51&"-"&F51 -> BG101-OLV-OS | B51: BG101 | C51: =IFERROR(INDEX(Styles!$B$2:$B$27,MATCH(B51,Styles!$A$2:$A$27,0)),"?") -> Cleo Bag | D51: OLV | E51: =IFERROR(INDEX('Code Tables'!$E$2:$E$40,MATCH(D51,'Code Tables'!$D$2:$D$40,0)),"?") -> Olive | F51: OS | G51: =IFERROR(INDEX('Code Tables'!$J$2:$J$20,MATCH(F51,'Code Tables'!$I$2:$I$20,0)),"?") -> One Size | H51: olive-bag | I51: Default Title | J51: CC23LRTCB-OLV | K51: ACTIVE | L51: 2023 | M51: =IF(COUNTIF($A$2:$A$105,A51)>1,"DUPLICATE",IF(ISNA(MATCH(B51,Styles!$A$2:$A$27,0)),"BAD STYLE",IF(ISNA(MATCH(D51,'Code Tables'!$D$2:$D$40,0)),"BAD COLOR",IF(ISNA(MATCH(F51,'Code Tables'!$I$2:$I$20,0)),"BAD SIZE","ok")))) -> ok | O51: =IF(COUNTIFS($B$2:B51,B51,$D$2:D51,D51)=1,1,0) -> 1
A52: =B52&"-"&D52&"-"&F52 -> BG102-BLK-OS | B52: BG102 | C52: =IFERROR(INDEX(Styles!$B$2:$B$27,MATCH(B52,Styles!$A$2:$A$27,0)),"?") -> Little Sister | D52: BLK | E52: =IFERROR(INDEX('Code Tables'!$E$2:$E$40,MATCH(D52,'Code Tables'!$D$2:$D$40,0)),"?") -> Black | F52: OS | G52: =IFERROR(INDEX('Code Tables'!$J$2:$J$20,MATCH(F52,'Code Tables'!$I$2:$I$20,0)),"?") -> One Size | H52: little-sister | I52: Black | K52: ACTIVE | M52: =IF(COUNTIF($A$2:$A$105,A52)>1,"DUPLICATE",IF(ISNA(MATCH(B52,Styles!$A$2:$A$27,0)),"BAD STYLE",IF(ISNA(MATCH(D52,'Code Tables'!$D$2:$D$40,0)),"BAD COLOR",IF(ISNA(MATCH(F52,'Code Tables'!$I$2:$I$20,0)),"BAD SIZE","ok")))) -> ok | O52: =IF(COUNTIFS($B$2:B52,B52,$D$2:D52,D52)=1,1,0) -> 1
A53: =B53&"-"&D53&"-"&F53 -> BG103-SLV-OS | B53: BG103 | C53: =IFERROR(INDEX(Styles!$B$2:$B$27,MATCH(B53,Styles!$A$2:$A$27,0)),"?") -> Bateau Bag | D53: SLV | E53: =IFERROR(INDEX('Code Tables'!$E$2:$E$40,MATCH(D53,'Code Tables'!$D$2:$D$40,0)),"?") -> Silver | F53: OS | G53: =IFERROR(INDEX('Code Tables'!$J$2:$J$20,MATCH(F53,'Code Tables'!$I$2:$I$20,0)),"?") -> One Size | H53: bateau-bag | I53: Silver | K53: ACTIVE | M53: =IF(COUNTIF($A$2:$A$105,A53)>1,"DUPLICATE",IF(ISNA(MATCH(B53,Styles!$A$2:$A$27,0)),"BAD STYLE",IF(ISNA(MATCH(D53,'Code Tables'!$D$2:$D$40,0)),"BAD COLOR",IF(ISNA(MATCH(F53,'Code Tables'!$I$2:$I$20,0)),"BAD SIZE","ok")))) -> ok | N53: Assembled from PT101-NAT-OS + AC102-<color>-OS | O53: =IF(COUNTIFS($B$2:B53,B53,$D$2:D53,D53)=1,1,0) -> 1
A54: =B54&"-"&D54&"-"&F54 -> BG103-GLD-OS | B54: BG103 | C54: =IFERROR(INDEX(Styles!$B$2:$B$27,MATCH(B54,Styles!$A$2:$A$27,0)),"?") -> Bateau Bag | D54: GLD | E54: =IFERROR(INDEX('Code Tables'!$E$2:$E$40,MATCH(D54,'Code Tables'!$D$2:$D$40,0)),"?") -> Gold | F54: OS | G54: =IFERROR(INDEX('Code Tables'!$J$2:$J$20,MATCH(F54,'Code Tables'!$I$2:$I$20,0)),"?") -> One Size | H54: bateau-bag | I54: Gold | K54: ACTIVE | M54: =IF(COUNTIF($A$2:$A$105,A54)>1,"DUPLICATE",IF(ISNA(MATCH(B54,Styles!$A$2:$A$27,0)),"BAD STYLE",IF(ISNA(MATCH(D54,'Code Tables'!$D$2:$D$40,0)),"BAD COLOR",IF(ISNA(MATCH(F54,'Code Tables'!$I$2:$I$20,0)),"BAD SIZE","ok")))) -> ok | N54: Assembled from PT101-NAT-OS + AC102-<color>-OS | O54: =IF(COUNTIFS($B$2:B54,B54,$D$2:D54,D54)=1,1,0) -> 1
A55: =B55&"-"&D55&"-"&F55 -> BG103-MRS-OS | B55: BG103 | C55: =IFERROR(INDEX(Styles!$B$2:$B$27,MATCH(B55,Styles!$A$2:$A$27,0)),"?") -> Bateau Bag | D55: MRS | E55: =IFERROR(INDEX('Code Tables'!$E$2:$E$40,MATCH(D55,'Code Tables'!$D$2:$D$40,0)),"?") -> Maraschino | F55: OS | G55: =IFERROR(INDEX('Code Tables'!$J$2:$J$20,MATCH(F55,'Code Tables'!$I$2:$I$20,0)),"?") -> One Size | H55: bateau-bag | I55: Maraschino | K55: ACTIVE | M55: =IF(COUNTIF($A$2:$A$105,A55)>1,"DUPLICATE",IF(ISNA(MATCH(B55,Styles!$A$2:$A$27,0)),"BAD STYLE",IF(ISNA(MATCH(D55,'Code Tables'!$D$2:$D$40,0)),"BAD COLOR",IF(ISNA(MATCH(F55,'Code Tables'!$I$2:$I$20,0)),"BAD SIZE","ok")))) -> ok | N55: Assembled from PT101-NAT-OS + AC102-<color>-OS | O55: =IF(COUNTIFS($B$2:B55,B55,$D$2:D55,D55)=1,1,0) -> 1
A56: =B56&"-"&D56&"-"&F56 -> BG103-VRD-OS | B56: BG103 | C56: =IFERROR(INDEX(Styles!$B$2:$B$27,MATCH(B56,Styles!$A$2:$A$27,0)),"?") -> Bateau Bag | D56: VRD | E56: =IFERROR(INDEX('Code Tables'!$E$2:$E$40,MATCH(D56,'Code Tables'!$D$2:$D$40,0)),"?") -> Verdant | F56: OS | G56: =IFERROR(INDEX('Code Tables'!$J$2:$J$20,MATCH(F56,'Code Tables'!$I$2:$I$20,0)),"?") -> One Size | H56: bateau-bag | I56: Verdant | K56: ACTIVE | M56: =IF(COUNTIF($A$2:$A$105,A56)>1,"DUPLICATE",IF(ISNA(MATCH(B56,Styles!$A$2:$A$27,0)),"BAD STYLE",IF(ISNA(MATCH(D56,'Code Tables'!$D$2:$D$40,0)),"BAD COLOR",IF(ISNA(MATCH(F56,'Code Tables'!$I$2:$I$20,0)),"BAD SIZE","ok")))) -> ok | N56: Assembled from PT101-NAT-OS + AC102-<color>-OS | O56: =IF(COUNTIFS($B$2:B56,B56,$D$2:D56,D56)=1,1,0) -> 1
A57: =B57&"-"&D57&"-"&F57 -> BG103-CSP-OS | B57: BG103 | C57: =IFERROR(INDEX(Styles!$B$2:$B$27,MATCH(B57,Styles!$A$2:$A$27,0)),"?") -> Bateau Bag | D57: CSP | E57: =IFERROR(INDEX('Code Tables'!$E$2:$E$40,MATCH(D57,'Code Tables'!$D$2:$D$40,0)),"?") -> Caspian | F57: OS | G57: =IFERROR(INDEX('Code Tables'!$J$2:$J$20,MATCH(F57,'Code Tables'!$I$2:$I$20,0)),"?") -> One Size | H57: bateau-bag | I57: Caspian | K57: ACTIVE | M57: =IF(COUNTIF($A$2:$A$105,A57)>1,"DUPLICATE",IF(ISNA(MATCH(B57,Styles!$A$2:$A$27,0)),"BAD STYLE",IF(ISNA(MATCH(D57,'Code Tables'!$D$2:$D$40,0)),"BAD COLOR",IF(ISNA(MATCH(F57,'Code Tables'!$I$2:$I$20,0)),"BAD SIZE","ok")))) -> ok | N57: Assembled from PT101-NAT-OS + AC102-<color>-OS | O57: =IF(COUNTIFS($B$2:B57,B57,$D$2:D57,D57)=1,1,0) -> 1
A58: =B58&"-"&D58&"-"&F58 -> BG103-CHC-OS | B58: BG103 | C58: =IFERROR(INDEX(Styles!$B$2:$B$27,MATCH(B58,Styles!$A$2:$A$27,0)),"?") -> Bateau Bag | D58: CHC | E58: =IFERROR(INDEX('Code Tables'!$E$2:$E$40,MATCH(D58,'Code Tables'!$D$2:$D$40,0)),"?") -> Chocolate | F58: OS | G58: =IFERROR(INDEX('Code Tables'!$J$2:$J$20,MATCH(F58,'Code Tables'!$I$2:$I$20,0)),"?") -> One Size | H58: bateau-bag | I58: Chocolate | K58: ACTIVE | M58: =IF(COUNTIF($A$2:$A$105,A58)>1,"DUPLICATE",IF(ISNA(MATCH(B58,Styles!$A$2:$A$27,0)),"BAD STYLE",IF(ISNA(MATCH(D58,'Code Tables'!$D$2:$D$40,0)),"BAD COLOR",IF(ISNA(MATCH(F58,'Code Tables'!$I$2:$I$20,0)),"BAD SIZE","ok")))) -> ok | N58: Assembled from PT101-NAT-OS + AC102-<color>-OS | O58: =IF(COUNTIFS($B$2:B58,B58,$D$2:D58,D58)=1,1,0) -> 1
A59: =B59&"-"&D59&"-"&F59 -> BG104-GLD-OS | B59: BG104 | C59: =IFERROR(INDEX(Styles!$B$2:$B$27,MATCH(B59,Styles!$A$2:$A$27,0)),"?") -> Petite Bateau Bag | D59: GLD | E59: =IFERROR(INDEX('Code Tables'!$E$2:$E$40,MATCH(D59,'Code Tables'!$D$2:$D$40,0)),"?") -> Gold | F59: OS | G59: =IFERROR(INDEX('Code Tables'!$J$2:$J$20,MATCH(F59,'Code Tables'!$I$2:$I$20,0)),"?") -> One Size | H59: petite-bateau-bag | I59: Gold | K59: ACTIVE | M59: =IF(COUNTIF($A$2:$A$105,A59)>1,"DUPLICATE",IF(ISNA(MATCH(B59,Styles!$A$2:$A$27,0)),"BAD STYLE",IF(ISNA(MATCH(D59,'Code Tables'!$D$2:$D$40,0)),"BAD COLOR",IF(ISNA(MATCH(F59,'Code Tables'!$I$2:$I$20,0)),"BAD SIZE","ok")))) -> ok | N59: Assembled from PT102-NAT-OS + AC102-<color>-OS | O59: =IF(COUNTIFS($B$2:B59,B59,$D$2:D59,D59)=1,1,0) -> 1
A60: =B60&"-"&D60&"-"&F60 -> BG104-SLV-OS | B60: BG104 | C60: =IFERROR(INDEX(Styles!$B$2:$B$27,MATCH(B60,Styles!$A$2:$A$27,0)),"?") -> Petite Bateau Bag | D60: SLV | E60: =IFERROR(INDEX('Code Tables'!$E$2:$E$40,MATCH(D60,'Code Tables'!$D$2:$D$40,0)),"?") -> Silver | F60: OS | G60: =IFERROR(INDEX('Code Tables'!$J$2:$J$20,MATCH(F60,'Code Tables'!$I$2:$I$20,0)),"?") -> One Size | H60: petite-bateau-bag | I60: Silver | K60: ACTIVE | M60: =IF(COUNTIF($A$2:$A$105,A60)>1,"DUPLICATE",IF(ISNA(MATCH(B60,Styles!$A$2:$A$27,0)),"BAD STYLE",IF(ISNA(MATCH(D60,'Code Tables'!$D$2:$D$40,0)),"BAD COLOR",IF(ISNA(MATCH(F60,'Code Tables'!$I$2:$I$20,0)),"BAD SIZE","ok")))) -> ok | N60: Assembled from PT102-NAT-OS + AC102-<color>-OS | O60: =IF(COUNTIFS($B$2:B60,B60,$D$2:D60,D60)=1,1,0) -> 1
A61: =B61&"-"&D61&"-"&F61 -> BG104-MRS-OS | B61: BG104 | C61: =IFERROR(INDEX(Styles!$B$2:$B$27,MATCH(B61,Styles!$A$2:$A$27,0)),"?") -> Petite Bateau Bag | D61: MRS | E61: =IFERROR(INDEX('Code Tables'!$E$2:$E$40,MATCH(D61,'Code Tables'!$D$2:$D$40,0)),"?") -> Maraschino | F61: OS | G61: =IFERROR(INDEX('Code Tables'!$J$2:$J$20,MATCH(F61,'Code Tables'!$I$2:$I$20,0)),"?") -> One Size | H61: petite-bateau-bag | I61: Maraschino | K61: ACTIVE | M61: =IF(COUNTIF($A$2:$A$105,A61)>1,"DUPLICATE",IF(ISNA(MATCH(B61,Styles!$A$2:$A$27,0)),"BAD STYLE",IF(ISNA(MATCH(D61,'Code Tables'!$D$2:$D$40,0)),"BAD COLOR",IF(ISNA(MATCH(F61,'Code Tables'!$I$2:$I$20,0)),"BAD SIZE","ok")))) -> ok | N61: Assembled from PT102-NAT-OS + AC102-<color>-OS | O61: =IF(COUNTIFS($B$2:B61,B61,$D$2:D61,D61)=1,1,0) -> 1
A62: =B62&"-"&D62&"-"&F62 -> BG104-VRD-OS | B62: BG104 | C62: =IFERROR(INDEX(Styles!$B$2:$B$27,MATCH(B62,Styles!$A$2:$A$27,0)),"?") -> Petite Bateau Bag | D62: VRD | E62: =IFERROR(INDEX('Code Tables'!$E$2:$E$40,MATCH(D62,'Code Tables'!$D$2:$D$40,0)),"?") -> Verdant | F62: OS | G62: =IFERROR(INDEX('Code Tables'!$J$2:$J$20,MATCH(F62,'Code Tables'!$I$2:$I$20,0)),"?") -> One Size | H62: petite-bateau-bag | I62: Verdant | K62: ACTIVE | M62: =IF(COUNTIF($A$2:$A$105,A62)>1,"DUPLICATE",IF(ISNA(MATCH(B62,Styles!$A$2:$A$27,0)),"BAD STYLE",IF(ISNA(MATCH(D62,'Code Tables'!$D$2:$D$40,0)),"BAD COLOR",IF(ISNA(MATCH(F62,'Code Tables'!$I$2:$I$20,0)),"BAD SIZE","ok")))) -> ok | N62: Assembled from PT102-NAT-OS + AC102-<color>-OS | O62: =IF(COUNTIFS($B$2:B62,B62,$D$2:D62,D62)=1,1,0) -> 1
A63: =B63&"-"&D63&"-"&F63 -> BG104-CSP-OS | B63: BG104 | C63: =IFERROR(INDEX(Styles!$B$2:$B$27,MATCH(B63,Styles!$A$2:$A$27,0)),"?") -> Petite Bateau Bag | D63: CSP | E63: =IFERROR(INDEX('Code Tables'!$E$2:$E$40,MATCH(D63,'Code Tables'!$D$2:$D$40,0)),"?") -> Caspian | F63: OS | G63: =IFERROR(INDEX('Code Tables'!$J$2:$J$20,MATCH(F63,'Code Tables'!$I$2:$I$20,0)),"?") -> One Size | H63: petite-bateau-bag | I63: Caspian | K63: ACTIVE | M63: =IF(COUNTIF($A$2:$A$105,A63)>1,"DUPLICATE",IF(ISNA(MATCH(B63,Styles!$A$2:$A$27,0)),"BAD STYLE",IF(ISNA(MATCH(D63,'Code Tables'!$D$2:$D$40,0)),"BAD COLOR",IF(ISNA(MATCH(F63,'Code Tables'!$I$2:$I$20,0)),"BAD SIZE","ok")))) -> ok | N63: Assembled from PT102-NAT-OS + AC102-<color>-OS | O63: =IF(COUNTIFS($B$2:B63,B63,$D$2:D63,D63)=1,1,0) -> 1
A64: =B64&"-"&D64&"-"&F64 -> BG104-CHC-OS | B64: BG104 | C64: =IFERROR(INDEX(Styles!$B$2:$B$27,MATCH(B64,Styles!$A$2:$A$27,0)),"?") -> Petite Bateau Bag | D64: CHC | E64: =IFERROR(INDEX('Code Tables'!$E$2:$E$40,MATCH(D64,'Code Tables'!$D$2:$D$40,0)),"?") -> Chocolate | F64: OS | G64: =IFERROR(INDEX('Code Tables'!$J$2:$J$20,MATCH(F64,'Code Tables'!$I$2:$I$20,0)),"?") -> One Size | H64: petite-bateau-bag | I64: Chocolate | K64: ACTIVE | M64: =IF(COUNTIF($A$2:$A$105,A64)>1,"DUPLICATE",IF(ISNA(MATCH(B64,Styles!$A$2:$A$27,0)),"BAD STYLE",IF(ISNA(MATCH(D64,'Code Tables'!$D$2:$D$40,0)),"BAD COLOR",IF(ISNA(MATCH(F64,'Code Tables'!$I$2:$I$20,0)),"BAD SIZE","ok")))) -> ok | N64: Assembled from PT102-NAT-OS + AC102-<color>-OS | O64: =IF(COUNTIFS($B$2:B64,B64,$D$2:D64,D64)=1,1,0) -> 1
A65: =B65&"-"&D65&"-"&F65 -> BG105-CHP-PT | B65: BG105 | C65: =IFERROR(INDEX(Styles!$B$2:$B$27,MATCH(B65,Styles!$A$2:$A$27,0)),"?") -> Bean Bag | D65: CHP | E65: =IFERROR(INDEX('Code Tables'!$E$2:$E$40,MATCH(D65,'Code Tables'!$D$2:$D$40,0)),"?") -> Champagne | F65: PT | G65: =IFERROR(INDEX('Code Tables'!$J$2:$J$20,MATCH(F65,'Code Tables'!$I$2:$I$20,0)),"?") -> Petite | H65: bean-bag | I65: Champagne / Petite | K65: ACTIVE | M65: =IF(COUNTIF($A$2:$A$105,A65)>1,"DUPLICATE",IF(ISNA(MATCH(B65,Styles!$A$2:$A$27,0)),"BAD STYLE",IF(ISNA(MATCH(D65,'Code Tables'!$D$2:$D$40,0)),"BAD COLOR",IF(ISNA(MATCH(F65,'Code Tables'!$I$2:$I$20,0)),"BAD SIZE","ok")))) -> ok | O65: =IF(COUNTIFS($B$2:B65,B65,$D$2:D65,D65)=1,1,0) -> 1
A66: =B66&"-"&D66&"-"&F66 -> BG105-BLK-PT | B66: BG105 | C66: =IFERROR(INDEX(Styles!$B$2:$B$27,MATCH(B66,Styles!$A$2:$A$27,0)),"?") -> Bean Bag | D66: BLK | E66: =IFERROR(INDEX('Code Tables'!$E$2:$E$40,MATCH(D66,'Code Tables'!$D$2:$D$40,0)),"?") -> Black | F66: PT | G66: =IFERROR(INDEX('Code Tables'!$J$2:$J$20,MATCH(F66,'Code Tables'!$I$2:$I$20,0)),"?") -> Petite | H66: bean-bag | I66: Black / Petite | K66: ACTIVE | M66: =IF(COUNTIF($A$2:$A$105,A66)>1,"DUPLICATE",IF(ISNA(MATCH(B66,Styles!$A$2:$A$27,0)),"BAD STYLE",IF(ISNA(MATCH(D66,'Code Tables'!$D$2:$D$40,0)),"BAD COLOR",IF(ISNA(MATCH(F66,'Code Tables'!$I$2:$I$20,0)),"BAD SIZE","ok")))) -> ok | O66: =IF(COUNTIFS($B$2:B66,B66,$D$2:D66,D66)=1,1,0) -> 1
A67: =B67&"-"&D67&"-"&F67 -> BG105-SLV-MD | B67: BG105 | C67: =IFERROR(INDEX(Styles!$B$2:$B$27,MATCH(B67,Styles!$A$2:$A$27,0)),"?") -> Bean Bag | D67: SLV | E67: =IFERROR(INDEX('Code Tables'!$E$2:$E$40,MATCH(D67,'Code Tables'!$D$2:$D$40,0)),"?") -> Silver | F67: MD | G67: =IFERROR(INDEX('Code Tables'!$J$2:$J$20,MATCH(F67,'Code Tables'!$I$2:$I$20,0)),"?") -> Medium | H67: bean-bag | I67: Silver / Medium | K67: ACTIVE | M67: =IF(COUNTIF($A$2:$A$105,A67)>1,"DUPLICATE",IF(ISNA(MATCH(B67,Styles!$A$2:$A$27,0)),"BAD STYLE",IF(ISNA(MATCH(D67,'Code Tables'!$D$2:$D$40,0)),"BAD COLOR",IF(ISNA(MATCH(F67,'Code Tables'!$I$2:$I$20,0)),"BAD SIZE","ok")))) -> ok | O67: =IF(COUNTIFS($B$2:B67,B67,$D$2:D67,D67)=1,1,0) -> 1
A68: =B68&"-"&D68&"-"&F68 -> BG106-FLG-OS | B68: BG106 | C68: =IFERROR(INDEX(Styles!$B$2:$B$27,MATCH(B68,Styles!$A$2:$A$27,0)),"?") -> Cachet | D68: FLG | E68: =IFERROR(INDEX('Code Tables'!$E$2:$E$40,MATCH(D68,'Code Tables'!$D$2:$D$40,0)),"?") -> Floral / Gold | F68: OS | G68: =IFERROR(INDEX('Code Tables'!$J$2:$J$20,MATCH(F68,'Code Tables'!$I$2:$I$20,0)),"?") -> One Size | H68: cachet | I68: Default Title | K68: ACTIVE | M68: =IF(COUNTIF($A$2:$A$105,A68)>1,"DUPLICATE",IF(ISNA(MATCH(B68,Styles!$A$2:$A$27,0)),"BAD STYLE",IF(ISNA(MATCH(D68,'Code Tables'!$D$2:$D$40,0)),"BAD COLOR",IF(ISNA(MATCH(F68,'Code Tables'!$I$2:$I$20,0)),"BAD SIZE","ok")))) -> ok | O68: =IF(COUNTIFS($B$2:B68,B68,$D$2:D68,D68)=1,1,0) -> 1
A69: =B69&"-"&D69&"-"&F69 -> AC101-DCH-XS | B69: AC101 | C69: =IFERROR(INDEX(Styles!$B$2:$B$27,MATCH(B69,Styles!$A$2:$A$27,0)),"?") -> Boy Belt | D69: DCH | E69: =IFERROR(INDEX('Code Tables'!$E$2:$E$40,MATCH(D69,'Code Tables'!$D$2:$D$40,0)),"?") -> Dark Chocolate | F69: XS | G69: =IFERROR(INDEX('Code Tables'!$J$2:$J$20,MATCH(F69,'Code Tables'!$I$2:$I$20,0)),"?") -> Extra Small | H69: boy-belt | I69: Extra Small | K69: ACTIVE | M69: =IF(COUNTIF($A$2:$A$105,A69)>1,"DUPLICATE",IF(ISNA(MATCH(B69,Styles!$A$2:$A$27,0)),"BAD STYLE",IF(ISNA(MATCH(D69,'Code Tables'!$D$2:$D$40,0)),"BAD COLOR",IF(ISNA(MATCH(F69,'Code Tables'!$I$2:$I$20,0)),"BAD SIZE","ok")))) -> ok | O69: =IF(COUNTIFS($B$2:B69,B69,$D$2:D69,D69)=1,1,0) -> 1
A70: =B70&"-"&D70&"-"&F70 -> AC101-DCH-SM | B70: AC101 | C70: =IFERROR(INDEX(Styles!$B$2:$B$27,MATCH(B70,Styles!$A$2:$A$27,0)),"?") -> Boy Belt | D70: DCH | E70: =IFERROR(INDEX('Code Tables'!$E$2:$E$40,MATCH(D70,'Code Tables'!$D$2:$D$40,0)),"?") -> Dark Chocolate | F70: SM | G70: =IFERROR(INDEX('Code Tables'!$J$2:$J$20,MATCH(F70,'Code Tables'!$I$2:$I$20,0)),"?") -> Small | H70: boy-belt | I70: Small | K70: ACTIVE | M70: =IF(COUNTIF($A$2:$A$105,A70)>1,"DUPLICATE",IF(ISNA(MATCH(B70,Styles!$A$2:$A$27,0)),"BAD STYLE",IF(ISNA(MATCH(D70,'Code Tables'!$D$2:$D$40,0)),"BAD COLOR",IF(ISNA(MATCH(F70,'Code Tables'!$I$2:$I$20,0)),"BAD SIZE","ok")))) -> ok | O70: =IF(COUNTIFS($B$2:B70,B70,$D$2:D70,D70)=1,1,0) -> 0
A71: =B71&"-"&D71&"-"&F71 -> AC101-DCH-MD | B71: AC101 | C71: =IFERROR(INDEX(Styles!$B$2:$B$27,MATCH(B71,Styles!$A$2:$A$27,0)),"?") -> Boy Belt | D71: DCH | E71: =IFERROR(INDEX('Code Tables'!$E$2:$E$40,MATCH(D71,'Code Tables'!$D$2:$D$40,0)),"?") -> Dark Chocolate | F71: MD | G71: =IFERROR(INDEX('Code Tables'!$J$2:$J$20,MATCH(F71,'Code Tables'!$I$2:$I$20,0)),"?") -> Medium | H71: boy-belt | I71: Medium | K71: ACTIVE | M71: =IF(COUNTIF($A$2:$A$105,A71)>1,"DUPLICATE",IF(ISNA(MATCH(B71,Styles!$A$2:$A$27,0)),"BAD STYLE",IF(ISNA(MATCH(D71,'Code Tables'!$D$2:$D$40,0)),"BAD COLOR",IF(ISNA(MATCH(F71,'Code Tables'!$I$2:$I$20,0)),"BAD SIZE","ok")))) -> ok | O71: =IF(COUNTIFS($B$2:B71,B71,$D$2:D71,D71)=1,1,0) -> 0
A72: =B72&"-"&D72&"-"&F72 -> AC101-DCH-LG | B72: AC101 | C72: =IFERROR(INDEX(Styles!$B$2:$B$27,MATCH(B72,Styles!$A$2:$A$27,0)),"?") -> Boy Belt | D72: DCH | E72: =IFERROR(INDEX('Code Tables'!$E$2:$E$40,MATCH(D72,'Code Tables'!$D$2:$D$40,0)),"?") -> Dark Chocolate | F72: LG | G72: =IFERROR(INDEX('Code Tables'!$J$2:$J$20,MATCH(F72,'Code Tables'!$I$2:$I$20,0)),"?") -> Large | H72: boy-belt | I72: Large | K72: ACTIVE | M72: =IF(COUNTIF($A$2:$A$105,A72)>1,"DUPLICATE",IF(ISNA(MATCH(B72,Styles!$A$2:$A$27,0)),"BAD STYLE",IF(ISNA(MATCH(D72,'Code Tables'!$D$2:$D$40,0)),"BAD COLOR",IF(ISNA(MATCH(F72,'Code Tables'!$I$2:$I$20,0)),"BAD SIZE","ok")))) -> ok | O72: =IF(COUNTIFS($B$2:B72,B72,$D$2:D72,D72)=1,1,0) -> 0
A73: =B73&"-"&D73&"-"&F73 -> AC102-SLV-OS | B73: AC102 | C73: =IFERROR(INDEX(Styles!$B$2:$B$27,MATCH(B73,Styles!$A$2:$A$27,0)),"?") -> Bateau Handle | D73: SLV | E73: =IFERROR(INDEX('Code Tables'!$E$2:$E$40,MATCH(D73,'Code Tables'!$D$2:$D$40,0)),"?") -> Silver | F73: OS | G73: =IFERROR(INDEX('Code Tables'!$J$2:$J$20,MATCH(F73,'Code Tables'!$I$2:$I$20,0)),"?") -> One Size | H73: bateau-handle | I73: Silver | K73: ACTIVE | M73: =IF(COUNTIF($A$2:$A$105,A73)>1,"DUPLICATE",IF(ISNA(MATCH(B73,Styles!$A$2:$A$27,0)),"BAD STYLE",IF(ISNA(MATCH(D73,'Code Tables'!$D$2:$D$40,0)),"BAD COLOR",IF(ISNA(MATCH(F73,'Code Tables'!$I$2:$I$20,0)),"BAD SIZE","ok")))) -> ok | O73: =IF(COUNTIFS($B$2:B73,B73,$D$2:D73,D73)=1,1,0) -> 1
A74: =B74&"-"&D74&"-"&F74 -> AC102-GLD-OS | B74: AC102 | C74: =IFERROR(INDEX(Styles!$B$2:$B$27,MATCH(B74,Styles!$A$2:$A$27,0)),"?") -> Bateau Handle | D74: GLD | E74: =IFERROR(INDEX('Code Tables'!$E$2:$E$40,MATCH(D74,'Code Tables'!$D$2:$D$40,0)),"?") -> Gold | F74: OS | G74: =IFERROR(INDEX('Code Tables'!$J$2:$J$20,MATCH(F74,'Code Tables'!$I$2:$I$20,0)),"?") -> One Size | H74: bateau-handle | I74: Gold | K74: ACTIVE | M74: =IF(COUNTIF($A$2:$A$105,A74)>1,"DUPLICATE",IF(ISNA(MATCH(B74,Styles!$A$2:$A$27,0)),"BAD STYLE",IF(ISNA(MATCH(D74,'Code Tables'!$D$2:$D$40,0)),"BAD COLOR",IF(ISNA(MATCH(F74,'Code Tables'!$I$2:$I$20,0)),"BAD SIZE","ok")))) -> ok | O74: =IF(COUNTIFS($B$2:B74,B74,$D$2:D74,D74)=1,1,0) -> 1
A75: =B75&"-"&D75&"-"&F75 -> AC102-MRS-OS | B75: AC102 | C75: =IFERROR(INDEX(Styles!$B$2:$B$27,MATCH(B75,Styles!$A$2:$A$27,0)),"?") -> Bateau Handle | D75: MRS | E75: =IFERROR(INDEX('Code Tables'!$E$2:$E$40,MATCH(D75,'Code Tables'!$D$2:$D$40,0)),"?") -> Maraschino | F75: OS | G75: =IFERROR(INDEX('Code Tables'!$J$2:$J$20,MATCH(F75,'Code Tables'!$I$2:$I$20,0)),"?") -> One Size | H75: bateau-handle | I75: Maraschino | K75: ACTIVE | M75: =IF(COUNTIF($A$2:$A$105,A75)>1,"DUPLICATE",IF(ISNA(MATCH(B75,Styles!$A$2:$A$27,0)),"BAD STYLE",IF(ISNA(MATCH(D75,'Code Tables'!$D$2:$D$40,0)),"BAD COLOR",IF(ISNA(MATCH(F75,'Code Tables'!$I$2:$I$20,0)),"BAD SIZE","ok")))) -> ok | O75: =IF(COUNTIFS($B$2:B75,B75,$D$2:D75,D75)=1,1,0) -> 1
A76: =B76&"-"&D76&"-"&F76 -> AC102-VRD-OS | B76: AC102 | C76: =IFERROR(INDEX(Styles!$B$2:$B$27,MATCH(B76,Styles!$A$2:$A$27,0)),"?") -> Bateau Handle | D76: VRD | E76: =IFERROR(INDEX('Code Tables'!$E$2:$E$40,MATCH(D76,'Code Tables'!$D$2:$D$40,0)),"?") -> Verdant | F76: OS | G76: =IFERROR(INDEX('Code Tables'!$J$2:$J$20,MATCH(F76,'Code Tables'!$I$2:$I$20,0)),"?") -> One Size | H76: bateau-handle | I76: Verdant | K76: ACTIVE | M76: =IF(COUNTIF($A$2:$A$105,A76)>1,"DUPLICATE",IF(ISNA(MATCH(B76,Styles!$A$2:$A$27,0)),"BAD STYLE",IF(ISNA(MATCH(D76,'Code Tables'!$D$2:$D$40,0)),"BAD COLOR",IF(ISNA(MATCH(F76,'Code Tables'!$I$2:$I$20,0)),"BAD SIZE","ok")))) -> ok | O76: =IF(COUNTIFS($B$2:B76,B76,$D$2:D76,D76)=1,1,0) -> 1
... A78: =B78&"-"&D78&"-"&F78 -> AC102-CHC-OS | B78: AC102 | C78: =IFERROR(INDEX(Styles!$B$2:$B$27,MATCH(B78,Styles!$A$2:$A$27,0)),"?") -> Bateau Handle | D78: CHC | E78: =IFERROR(INDEX('Code Tables'!$E$2:$E$40,MATCH(D78,'Code Tables'!$D$2:$D$40,0)),"?") -> Chocolate | F78: OS | G78: =IFERROR(INDEX('Code Tables'!$J$2:$J$20,MATCH(F78,'Code Tables'!$I$2:$I$20,0)),"?") -> One Size | H78: bateau-handle | I78: Chocolate | K78: ACTIVE | M78: =IF(COUNTIF($A$2:$A$105,A78)>1,"DUPLICATE",IF(ISNA(MATCH(B78,Styles!$A$2:$A$27,0)),"BAD STYLE",IF(ISNA(MATCH(D78,'Code Tables'!$D$2:$D$40,0)),"BAD COLOR",IF(ISNA(MATCH(F78,'Code Tables'!$I$2:$I$20,0)),"BAD SIZE","ok")))) -> ok | O78: =IF(COUNTIFS($B$2:B78,B78,$D$2:D78,D78)=1,1,0) -> 1
A79: =B79&"-"&D79&"-"&F79 -> AC103-HPK-OS | B79: AC103 | C79: =IFERROR(INDEX(Styles!$B$2:$B$27,MATCH(B79,Styles!$A$2:$A$27,0)),"?") -> Flower Hair Tie | D79: HPK | E79: =IFERROR(INDEX('Code Tables'!$E$2:$E$40,MATCH(D79,'Code Tables'!$D$2:$D$40,0)),"?") -> Hot Pink | F79: OS | G79: =IFERROR(INDEX('Code Tables'!$J$2:$J$20,MATCH(F79,'Code Tables'!$I$2:$I$20,0)),"?") -> One Size | H79: flower-hairtie | I79: Hot Pink | J79: FLWR-HT-HP | K79: ACTIVE | M79: =IF(COUNTIF($A$2:$A$105,A79)>1,"DUPLICATE",IF(ISNA(MATCH(B79,Styles!$A$2:$A$27,0)),"BAD STYLE",IF(ISNA(MATCH(D79,'Code Tables'!$D$2:$D$40,0)),"BAD COLOR",IF(ISNA(MATCH(F79,'Code Tables'!$I$2:$I$20,0)),"BAD SIZE","ok")))) -> ok | O79: =IF(COUNTIFS($B$2:B79,B79,$D$2:D79,D79)=1,1,0) -> 1
A80: =B80&"-"&D80&"-"&F80 -> AC104-BDD-OS | B80: AC104 | C80: =IFERROR(INDEX(Styles!$B$2:$B$27,MATCH(B80,Styles!$A$2:$A$27,0)),"?") -> Sardine | D80: BDD | E80: =IFERROR(INDEX('Code Tables'!$E$2:$E$40,MATCH(D80,'Code Tables'!$D$2:$D$40,0)),"?") -> Beaded | F80: OS | G80: =IFERROR(INDEX('Code Tables'!$J$2:$J$20,MATCH(F80,'Code Tables'!$I$2:$I$20,0)),"?") -> One Size | H80: sardine | I80: Beaded | K80: ACTIVE | M80: =IF(COUNTIF($A$2:$A$105,A80)>1,"DUPLICATE",IF(ISNA(MATCH(B80,Styles!$A$2:$A$27,0)),"BAD STYLE",IF(ISNA(MATCH(D80,'Code Tables'!$D$2:$D$40,0)),"BAD COLOR",IF(ISNA(MATCH(F80,'Code Tables'!$I$2:$I$20,0)),"BAD SIZE","ok")))) -> ok | O80: =IF(COUNTIFS($B$2:B80,B80,$D$2:D80,D80)=1,1,0) -> 1
A81: =B81&"-"&D81&"-"&F81 -> AC104-NKD-OS | B81: AC104 | C81: =IFERROR(INDEX(Styles!$B$2:$B$27,MATCH(B81,Styles!$A$2:$A$27,0)),"?") -> Sardine | D81: NKD | E81: =IFERROR(INDEX('Code Tables'!$E$2:$E$40,MATCH(D81,'Code Tables'!$D$2:$D$40,0)),"?") -> Naked | F81: OS | G81: =IFERROR(INDEX('Code Tables'!$J$2:$J$20,MATCH(F81,'Code Tables'!$I$2:$I$20,0)),"?") -> One Size | H81: sardine | I81: Naked | K81: ACTIVE | M81: =IF(COUNTIF($A$2:$A$105,A81)>1,"DUPLICATE",IF(ISNA(MATCH(B81,Styles!$A$2:$A$27,0)),"BAD STYLE",IF(ISNA(MATCH(D81,'Code Tables'!$D$2:$D$40,0)),"BAD COLOR",IF(ISNA(MATCH(F81,'Code Tables'!$I$2:$I$20,0)),"BAD SIZE","ok")))) -> ok | O81: =IF(COUNTIFS($B$2:B81,B81,$D$2:D81,D81)=1,1,0) -> 1
A82: =B82&"-"&D82&"-"&F82 -> PT101-NAT-OS | B82: PT101 | C82: =IFERROR(INDEX(Styles!$B$2:$B$27,MATCH(B82,Styles!$A$2:$A$27,0)),"?") -> Bateau Body | D82: NAT | E82: =IFERROR(INDEX('Code Tables'!$E$2:$E$40,MATCH(D82,'Code Tables'!$D$2:$D$40,0)),"?") -> Natural | F82: OS | G82: =IFERROR(INDEX('Code Tables'!$J$2:$J$20,MATCH(F82,'Code Tables'!$I$2:$I$20,0)),"?") -> One Size | H82: bateau-body-part | I82: Default Title | K82: DRAFT | M82: =IF(COUNTIF($A$2:$A$105,A82)>1,"DUPLICATE",IF(ISNA(MATCH(B82,Styles!$A$2:$A$27,0)),"BAD STYLE",IF(ISNA(MATCH(D82,'Code Tables'!$D$2:$D$40,0)),"BAD COLOR",IF(ISNA(MATCH(F82,'Code Tables'!$I$2:$I$20,0)),"BAD SIZE","ok")))) -> ok | O82: =IF(COUNTIFS($B$2:B82,B82,$D$2:D82,D82)=1,1,0) -> 1
A83: =B83&"-"&D83&"-"&F83 -> PT102-NAT-OS | B83: PT102 | C83: =IFERROR(INDEX(Styles!$B$2:$B$27,MATCH(B83,Styles!$A$2:$A$27,0)),"?") -> Petite Bateau Body | D83: NAT | E83: =IFERROR(INDEX('Code Tables'!$E$2:$E$40,MATCH(D83,'Code Tables'!$D$2:$D$40,0)),"?") -> Natural | F83: OS | G83: =IFERROR(INDEX('Code Tables'!$J$2:$J$20,MATCH(F83,'Code Tables'!$I$2:$I$20,0)),"?") -> One Size | H83: petite-bateau-body-part | I83: Default Title | K83: DRAFT | M83: =IF(COUNTIF($A$2:$A$105,A83)>1,"DUPLICATE",IF(ISNA(MATCH(B83,Styles!$A$2:$A$27,0)),"BAD STYLE",IF(ISNA(MATCH(D83,'Code Tables'!$D$2:$D$40,0)),"BAD COLOR",IF(ISNA(MATCH(F83,'Code Tables'!$I$2:$I$20,0)),"BAD SIZE","ok")))) -> ok | O83: =IF(COUNTIFS($B$2:B83,B83,$D$2:D83,D83)=1,1,0) -> 1
A84: =B84&"-"&D84&"-"&F84 -> OT101-STD-OS | B84: OT101 | C84: =IFERROR(INDEX(Styles!$B$2:$B$27,MATCH(B84,Styles!$A$2:$A$27,0)),"?") -> Splash Photo Book | D84: STD | E84: =IFERROR(INDEX('Code Tables'!$E$2:$E$40,MATCH(D84,'Code Tables'!$D$2:$D$40,0)),"?") -> Standard | F84: OS | G84: =IFERROR(INDEX('Code Tables'!$J$2:$J$20,MATCH(F84,'Code Tables'!$I$2:$I$20,0)),"?") -> One Size | H84: splash-photobook | I84: Default Title | K84: ACTIVE | M84: =IF(COUNTIF($A$2:$A$105,A84)>1,"DUPLICATE",IF(ISNA(MATCH(B84,Styles!$A$2:$A$27,0)),"BAD STYLE",IF(ISNA(MATCH(D84,'Code Tables'!$D$2:$D$40,0)),"BAD COLOR",IF(ISNA(MATCH(F84,'Code Tables'!$I$2:$I$20,0)),"BAD SIZE","ok")))) -> ok | O84: =IF(COUNTIFS($B$2:B84,B84,$D$2:D84,D84)=1,1,0) -> 1
A85: =B85&"-"&D85&"-"&F85 -> BT101-PNK-XS | B85: BT101 | C85: =IFERROR(INDEX(Styles!$B$2:$B$27,MATCH(B85,Styles!$A$2:$A$27,0)),"?") -> 5to7 Skirt | D85: PNK | E85: =IFERROR(INDEX('Code Tables'!$E$2:$E$40,MATCH(D85,'Code Tables'!$D$2:$D$40,0)),"?") -> Pink | F85: XS | G85: =IFERROR(INDEX('Code Tables'!$J$2:$J$20,MATCH(F85,'Code Tables'!$I$2:$I$20,0)),"?") -> Extra Small | H85: (not in Shopify yet) | I85: Pink / XS | K85: NOT LIVE | M85: =IF(COUNTIF($A$2:$A$105,A85)>1,"DUPLICATE",IF(ISNA(MATCH(B85,Styles!$A$2:$A$27,0)),"BAD STYLE",IF(ISNA(MATCH(D85,'Code Tables'!$D$2:$D$40,0)),"BAD COLOR",IF(ISNA(MATCH(F85,'Code Tables'!$I$2:$I$20,0)),"BAD SIZE","ok")))) -> ok | N85: Pink and Purple assumed to be two colorways | O85: =IF(COUNTIFS($B$2:B85,B85,$D$2:D85,D85)=1,1,0) -> 1
A86: =B86&"-"&D86&"-"&F86 -> BT101-PNK-SM | B86: BT101 | C86: =IFERROR(INDEX(Styles!$B$2:$B$27,MATCH(B86,Styles!$A$2:$A$27,0)),"?") -> 5to7 Skirt | D86: PNK | E86: =IFERROR(INDEX('Code Tables'!$E$2:$E$40,MATCH(D86,'Code Tables'!$D$2:$D$40,0)),"?") -> Pink | F86: SM | G86: =IFERROR(INDEX('Code Tables'!$J$2:$J$20,MATCH(F86,'Code Tables'!$I$2:$I$20,0)),"?") -> Small | H86: (not in Shopify yet) | I86: Pink / SM | K86: NOT LIVE | M86: =IF(COUNTIF($A$2:$A$105,A86)>1,"DUPLICATE",IF(ISNA(MATCH(B86,Styles!$A$2:$A$27,0)),"BAD STYLE",IF(ISNA(MATCH(D86,'Code Tables'!$D$2:$D$40,0)),"BAD COLOR",IF(ISNA(MATCH(F86,'Code Tables'!$I$2:$I$20,0)),"BAD SIZE","ok")))) -> ok | N86: Pink and Purple assumed to be two colorways | O86: =IF(COUNTIFS($B$2:B86,B86,$D$2:D86,D86)=1,1,0) -> 0
A87: =B87&"-"&D87&"-"&F87 -> BT101-PNK-MD | B87: BT101 | C87: =IFERROR(INDEX(Styles!$B$2:$B$27,MATCH(B87,Styles!$A$2:$A$27,0)),"?") -> 5to7 Skirt | D87: PNK | E87: =IFERROR(INDEX('Code Tables'!$E$2:$E$40,MATCH(D87,'Code Tables'!$D$2:$D$40,0)),"?") -> Pink | F87: MD | G87: =IFERROR(INDEX('Code Tables'!$J$2:$J$20,MATCH(F87,'Code Tables'!$I$2:$I$20,0)),"?") -> Medium | H87: (not in Shopify yet) | I87: Pink / MD | K87: NOT LIVE | M87: =IF(COUNTIF($A$2:$A$105,A87)>1,"DUPLICATE",IF(ISNA(MATCH(B87,Styles!$A$2:$A$27,0)),"BAD STYLE",IF(ISNA(MATCH(D87,'Code Tables'!$D$2:$D$40,0)),"BAD COLOR",IF(ISNA(MATCH(F87,'Code Tables'!$I$2:$I$20,0)),"BAD SIZE","ok")))) -> ok | N87: Pink and Purple assumed to be two colorways | O87: =IF(COUNTIFS($B$2:B87,B87,$D$2:D87,D87)=1,1,0) -> 0
A88: =B88&"-"&D88&"-"&F88 -> BT101-PNK-LG | B88: BT101 | C88: =IFERROR(INDEX(Styles!$B$2:$B$27,MATCH(B88,Styles!$A$2:$A$27,0)),"?") -> 5to7 Skirt | D88: PNK | E88: =IFERROR(INDEX('Code Tables'!$E$2:$E$40,MATCH(D88,'Code Tables'!$D$2:$D$40,0)),"?") -> Pink | F88: LG | G88: =IFERROR(INDEX('Code Tables'!$J$2:$J$20,MATCH(F88,'Code Tables'!$I$2:$I$20,0)),"?") -> Large | H88: (not in Shopify yet) | I88: Pink / LG | K88: NOT LIVE | M88: =IF(COUNTIF($A$2:$A$105,A88)>1,"DUPLICATE",IF(ISNA(MATCH(B88,Styles!$A$2:$A$27,0)),"BAD STYLE",IF(ISNA(MATCH(D88,'Code Tables'!$D$2:$D$40,0)),"BAD COLOR",IF(ISNA(MATCH(F88,'Code Tables'!$I$2:$I$20,0)),"BAD SIZE","ok")))) -> ok | N88: Pink and Purple assumed to be two colorways | O88: =IF(COUNTIFS($B$2:B88,B88,$D$2:D88,D88)=1,1,0) -> 0
A89: =B89&"-"&D89&"-"&F89 -> BT101-PNK-XL | B89: BT101 | C89: =IFERROR(INDEX(Styles!$B$2:$B$27,MATCH(B89,Styles!$A$2:$A$27,0)),"?") -> 5to7 Skirt | D89: PNK | E89: =IFERROR(INDEX('Code Tables'!$E$2:$E$40,MATCH(D89,'Code Tables'!$D$2:$D$40,0)),"?") -> Pink | F89: XL | G89: =IFERROR(INDEX('Code Tables'!$J$2:$J$20,MATCH(F89,'Code Tables'!$I$2:$I$20,0)),"?") -> Extra Large | H89: (not in Shopify yet) | I89: Pink / XL | K89: NOT LIVE | M89: =IF(COUNTIF($A$2:$A$105,A89)>1,"DUPLICATE",IF(ISNA(MATCH(B89,Styles!$A$2:$A$27,0)),"BAD STYLE",IF(ISNA(MATCH(D89,'Code Tables'!$D$2:$D$40,0)),"BAD COLOR",IF(ISNA(MATCH(F89,'Code Tables'!$I$2:$I$20,0)),"BAD SIZE","ok")))) -> ok | N89: Pink and Purple assumed to be two colorways | O89: =IF(COUNTIFS($B$2:B89,B89,$D$2:D89,D89)=1,1,0) -> 0
A90: =B90&"-"&D90&"-"&F90 -> BT101-PRP-XS | B90: BT101 | C90: =IFERROR(INDEX(Styles!$B$2:$B$27,MATCH(B90,Styles!$A$2:$A$27,0)),"?") -> 5to7 Skirt | D90: PRP | E90: =IFERROR(INDEX('Code Tables'!$E$2:$E$40,MATCH(D90,'Code Tables'!$D$2:$D$40,0)),"?") -> Purple | F90: XS | G90: =IFERROR(INDEX('Code Tables'!$J$2:$J$20,MATCH(F90,'Code Tables'!$I$2:$I$20,0)),"?") -> Extra Small | H90: (not in Shopify yet) | I90: Purple / XS | K90: NOT LIVE | M90: =IF(COUNTIF($A$2:$A$105,A90)>1,"DUPLICATE",IF(ISNA(MATCH(B90,Styles!$A$2:$A$27,0)),"BAD STYLE",IF(ISNA(MATCH(D90,'Code Tables'!$D$2:$D$40,0)),"BAD COLOR",IF(ISNA(MATCH(F90,'Code Tables'!$I$2:$I$20,0)),"BAD SIZE","ok")))) -> ok | N90: Pink and Purple assumed to be two colorways | O90: =IF(COUNTIFS($B$2:B90,B90,$D$2:D90,D90)=1,1,0) -> 1
A91: =B91&"-"&D91&"-"&F91 -> BT101-PRP-SM | B91: BT101 | C91: =IFERROR(INDEX(Styles!$B$2:$B$27,MATCH(B91,Styles!$A$2:$A$27,0)),"?") -> 5to7 Skirt | D91: PRP | E91: =IFERROR(INDEX('Code Tables'!$E$2:$E$40,MATCH(D91,'Code Tables'!$D$2:$D$40,0)),"?") -> Purple | F91: SM | G91: =IFERROR(INDEX('Code Tables'!$J$2:$J$20,MATCH(F91,'Code Tables'!$I$2:$I$20,0)),"?") -> Small | H91: (not in Shopify yet) | I91: Purple / SM | K91: NOT LIVE | M91: =IF(COUNTIF($A$2:$A$105,A91)>1,"DUPLICATE",IF(ISNA(MATCH(B91,Styles!$A$2:$A$27,0)),"BAD STYLE",IF(ISNA(MATCH(D91,'Code Tables'!$D$2:$D$40,0)),"BAD COLOR",IF(ISNA(MATCH(F91,'Code Tables'!$I$2:$I$20,0)),"BAD SIZE","ok")))) -> ok | N91: Pink and Purple assumed to be two colorways | O91: =IF(COUNTIFS($B$2:B91,B91,$D$2:D91,D91)=1,1,0) -> 0
A92: =B92&"-"&D92&"-"&F92 -> BT101-PRP-MD | B92: BT101 | C92: =IFERROR(INDEX(Styles!$B$2:$B$27,MATCH(B92,Styles!$A$2:$A$27,0)),"?") -> 5to7 Skirt | D92: PRP | E92: =IFERROR(INDEX('Code Tables'!$E$2:$E$40,MATCH(D92,'Code Tables'!$D$2:$D$40,0)),"?") -> Purple | F92: MD | G92: =IFERROR(INDEX('Code Tables'!$J$2:$J$20,MATCH(F92,'Code Tables'!$I$2:$I$20,0)),"?") -> Medium | H92: (not in Shopify yet) | I92: Purple / MD | K92: NOT LIVE | M92: =IF(COUNTIF($A$2:$A$105,A92)>1,"DUPLICATE",IF(ISNA(MATCH(B92,Styles!$A$2:$A$27,0)),"BAD STYLE",IF(ISNA(MATCH(D92,'Code Tables'!$D$2:$D$40,0)),"BAD COLOR",IF(ISNA(MATCH(F92,'Code Tables'!$I$2:$I$20,0)),"BAD SIZE","ok")))) -> ok | N92: Pink and Purple assumed to be two colorways | O92: =IF(COUNTIFS($B$2:B92,B92,$D$2:D92,D92)=1,1,0) -> 0
A93: =B93&"-"&D93&"-"&F93 -> BT101-PRP-LG | B93: BT101 | C93: =IFERROR(INDEX(Styles!$B$2:$B$27,MATCH(B93,Styles!$A$2:$A$27,0)),"?") -> 5to7 Skirt | D93: PRP | E93: =IFERROR(INDEX('Code Tables'!$E$2:$E$40,MATCH(D93,'Code Tables'!$D$2:$D$40,0)),"?") -> Purple | F93: LG | G93: =IFERROR(INDEX('Code Tables'!$J$2:$J$20,MATCH(F93,'Code Tables'!$I$2:$I$20,0)),"?") -> Large | H93: (not in Shopify yet) | I93: Purple / LG | K93: NOT LIVE | M93: =IF(COUNTIF($A$2:$A$105,A93)>1,"DUPLICATE",IF(ISNA(MATCH(B93,Styles!$A$2:$A$27,0)),"BAD STYLE",IF(ISNA(MATCH(D93,'Code Tables'!$D$2:$D$40,0)),"BAD COLOR",IF(ISNA(MATCH(F93,'Code Tables'!$I$2:$I$20,0)),"BAD SIZE","ok")))) -> ok | N93: Pink and Purple assumed to be two colorways | O93: =IF(COUNTIFS($B$2:B93,B93,$D$2:D93,D93)=1,1,0) -> 0
A94: =B94&"-"&D94&"-"&F94 -> BT101-PRP-XL | B94: BT101 | C94: =IFERROR(INDEX(Styles!$B$2:$B$27,MATCH(B94,Styles!$A$2:$A$27,0)),"?") -> 5to7 Skirt | D94: PRP | E94: =IFERROR(INDEX('Code Tables'!$E$2:$E$40,MATCH(D94,'Code Tables'!$D$2:$D$40,0)),"?") -> Purple | F94: XL | G94: =IFERROR(INDEX('Code Tables'!$J$2:$J$20,MATCH(F94,'Code Tables'!$I$2:$I$20,0)),"?") -> Extra Large | H94: (not in Shopify yet) | I94: Purple / XL | K94: NOT LIVE | M94: =IF(COUNTIF($A$2:$A$105,A94)>1,"DUPLICATE",IF(ISNA(MATCH(B94,Styles!$A$2:$A$27,0)),"BAD STYLE",IF(ISNA(MATCH(D94,'Code Tables'!$D$2:$D$40,0)),"BAD COLOR",IF(ISNA(MATCH(F94,'Code Tables'!$I$2:$I$20,0)),"BAD SIZE","ok")))) -> ok | N94: Pink and Purple assumed to be two colorways | O94: =IF(COUNTIFS($B$2:B94,B94,$D$2:D94,D94)=1,1,0) -> 0
A95: =B95&"-"&D95&"-"&F95 -> IN101-WHT-XS | B95: IN101 | C95: =IFERROR(INDEX(Styles!$B$2:$B$27,MATCH(B95,Styles!$A$2:$A$27,0)),"?") -> Cleo Underwear | D95: WHT | E95: =IFERROR(INDEX('Code Tables'!$E$2:$E$40,MATCH(D95,'Code Tables'!$D$2:$D$40,0)),"?") -> White | F95: XS | G95: =IFERROR(INDEX('Code Tables'!$J$2:$J$20,MATCH(F95,'Code Tables'!$I$2:$I$20,0)),"?") -> Extra Small | H95: (in development) | I95: White / XS | K95: DEVELOPMENT | M95: =IF(COUNTIF($A$2:$A$105,A95)>1,"DUPLICATE",IF(ISNA(MATCH(B95,Styles!$A$2:$A$27,0)),"BAD STYLE",IF(ISNA(MATCH(D95,'Code Tables'!$D$2:$D$40,0)),"BAD COLOR",IF(ISNA(MATCH(F95,'Code Tables'!$I$2:$I$20,0)),"BAD SIZE","ok")))) -> ok | N95: White and Pink assumed to be two colorways | O95: =IF(COUNTIFS($B$2:B95,B95,$D$2:D95,D95)=1,1,0) -> 1
A96: =B96&"-"&D96&"-"&F96 -> IN101-WHT-SM | B96: IN101 | C96: =IFERROR(INDEX(Styles!$B$2:$B$27,MATCH(B96,Styles!$A$2:$A$27,0)),"?") -> Cleo Underwear | D96: WHT | E96: =IFERROR(INDEX('Code Tables'!$E$2:$E$40,MATCH(D96,'Code Tables'!$D$2:$D$40,0)),"?") -> White | F96: SM | G96: =IFERROR(INDEX('Code Tables'!$J$2:$J$20,MATCH(F96,'Code Tables'!$I$2:$I$20,0)),"?") -> Small | H96: (in development) | I96: White / SM | K96: DEVELOPMENT | M96: =IF(COUNTIF($A$2:$A$105,A96)>1,"DUPLICATE",IF(ISNA(MATCH(B96,Styles!$A$2:$A$27,0)),"BAD STYLE",IF(ISNA(MATCH(D96,'Code Tables'!$D$2:$D$40,0)),"BAD COLOR",IF(ISNA(MATCH(F96,'Code Tables'!$I$2:$I$20,0)),"BAD SIZE","ok")))) -> ok | N96: White and Pink assumed to be two colorways | O96: =IF(COUNTIFS($B$2:B96,B96,$D$2:D96,D96)=1,1,0) -> 0
... A105: =B105&"-"&D105&"-"&F105 -> BG105-RED-PT | B105: BG105 | C105: =IFERROR(INDEX(Styles!$B$2:$B$27,MATCH(B105,Styles!$A$2:$A$27,0)),"?") -> Bean Bag | D105: RED | E105: =IFERROR(INDEX('Code Tables'!$E$2:$E$40,MATCH(D105,'Code Tables'!$D$2:$D$40,0)),"?") -> Red | F105: PT | G105: =IFERROR(INDEX('Code Tables'!$J$2:$J$20,MATCH(F105,'Code Tables'!$I$2:$I$20,0)),"?") -> Petite | H105: (live only, not in Shopify) | I105: Red / Petite | K105: LIVE ONLY | M105: =IF(COUNTIF($A$2:$A$105,A105)>1,"DUPLICATE",IF(ISNA(MATCH(B105,Styles!$A$2:$A$27,0)),"BAD STYLE",IF(ISNA(MATCH(D105,'Code Tables'!$D$2:$D$40,0)),"BAD COLOR",IF(ISNA(MATCH(F105,'Code Tables'!$I$2:$I$20,0)),"BAD SIZE","ok")))) -> ok | N105: Sold in person only. Proposed code, confirm. | O105: =IF(COUNTIFS($B$2:B105,B105,$D$2:D105,D105)=1,1,0) -> 1

Sheet Old to New
A1: Old SKU | B1: New SKU | C1: Product | D1: Variant
A2: CCSS25COT-BLK01 | B2: =IFERROR(INDEX(SKUs!$A$2:$A$105,MATCH(A2,SKUs!$J$2:$J$105,0)),"retired") -> TP101-BLK-01 | C2: Cleo Tee | D2: Black / 1
A3: CCSS25COT-BLK02 | B3: =IFERROR(INDEX(SKUs!$A$2:$A$105,MATCH(A3,SKUs!$J$2:$J$105,0)),"retired") -> TP101-BLK-02 | C3: Cleo Tee | D3: Black / 2
A4: CCSS25COT-BLK03 | B4: =IFERROR(INDEX(SKUs!$A$2:$A$105,MATCH(A4,SKUs!$J$2:$J$105,0)),"retired") -> TP101-BLK-03 | C4: Cleo Tee | D4: Black / 3
A5: CCSS25COT-WHT01 | B5: =IFERROR(INDEX(SKUs!$A$2:$A$105,MATCH(A5,SKUs!$J$2:$J$105,0)),"retired") -> TP101-WHT-01 | C5: Cleo Tee | D5: White / 1
A6: CCSS25COT-WHT02 | B6: =IFERROR(INDEX(SKUs!$A$2:$A$105,MATCH(A6,SKUs!$J$2:$J$105,0)),"retired") -> TP101-WHT-02 | C6: Cleo Tee | D6: White / 2
A7: CCSS25COT-WHT03 | B7: =IFERROR(INDEX(SKUs!$A$2:$A$105,MATCH(A7,SKUs!$J$2:$J$105,0)),"retired") -> TP101-WHT-03 | C7: Cleo Tee | D7: White / 3
A8: CCSS26COT-BER01 | B8: =IFERROR(INDEX(SKUs!$A$2:$A$105,MATCH(A8,SKUs!$J$2:$J$105,0)),"retired") -> TP101-BER-01 | C8: Cleo Tee | D8: Blackberry / 1
A9: CCSS26COT-BER02 | B9: =IFERROR(INDEX(SKUs!$A$2:$A$105,MATCH(A9,SKUs!$J$2:$J$105,0)),"retired") -> TP101-BER-02 | C9: Cleo Tee | D9: Blackberry / 2
A10: CCSS26COT-BER03 | B10: =IFERROR(INDEX(SKUs!$A$2:$A$105,MATCH(A10,SKUs!$J$2:$J$105,0)),"retired") -> TP101-BER-03 | C10: Cleo Tee | D10: Blackberry / 3
A11: CCFW25COTNV-SLPS01 | B11: =IFERROR(INDEX(SKUs!$A$2:$A$105,MATCH(A11,SKUs!$J$2:$J$105,0)),"retired") -> TP101-SPS-01 | C11: Cleo Tee | D11: Splash / 1
A12: CCFW25COTNV-SLPS02 | B12: =IFERROR(INDEX(SKUs!$A$2:$A$105,MATCH(A12,SKUs!$J$2:$J$105,0)),"retired") -> TP101-SPS-02 | C12: Cleo Tee | D12: Splash / 2
A13: CCFW25COTNV-SLPS03 | B13: =IFERROR(INDEX(SKUs!$A$2:$A$105,MATCH(A13,SKUs!$J$2:$J$105,0)),"retired") -> TP101-SPS-03 | C13: Cleo Tee | D13: Splash / 3
... A41: CCSS25COT-WHT03-OLD | B41: =IFERROR(INDEX(SKUs!$A$2:$A$105,MATCH(A41,SKUs!$J$2:$J$105,0)),"retired") -> retired | C41: Cleo Tee (archived duplicate) | D41: White / 3

Sheet Code Tables
A1: Cat | B1: Category | C1: Next style | D1: Color | E1: Colorway | F1: Legacy code | G1: SKUs using | I1: Size | J1: Size name | K1: SKUs using
A2: TP | B2: Tops | C2: =A2&(101+COUNTIF(Styles!$C$2:$C$200,A2)) -> TP106 | D2: BLK | E2: Black | G2: =COUNTIF(SKUs!$D$2:$D$105,D2) -> 9 | I2: 00 | J2: Size 0 | K2: =COUNTIF(SKUs!$F$2:$F$105,I2) -> 2
A3: DR | B3: Dresses | C3: =A3&(101+COUNTIF(Styles!$C$2:$C$200,A3)) -> DR106 | D3: WHT | E3: White | G3: =COUNTIF(SKUs!$D$2:$D$105,D3) -> 11 | I3: 01 | J3: Size 1 | K3: =COUNTIF(SKUs!$F$2:$F$105,I3) -> 14
A4: BT | B4: Bottoms | C4: =A4&(101+COUNTIF(Styles!$C$2:$C$200,A4)) -> BT103 | D4: RED | E4: Red | G4: =COUNTIF(SKUs!$D$2:$D$105,D4) -> 4 | I4: 02 | J4: Size 2 | K4: =COUNTIF(SKUs!$F$2:$F$105,I4) -> 14
A5: BG | B5: Bags | C5: =A5&(101+COUNTIF(Styles!$C$2:$C$200,A5)) -> BG107 | D5: BER | E5: Blackberry | G5: =COUNTIF(SKUs!$D$2:$D$105,D5) -> 3 | I5: 03 | J5: Size 3 | K5: =COUNTIF(SKUs!$F$2:$F$105,I5) -> 14
A6: AC | B6: Accessories | C6: =A6&(101+COUNTIF(Styles!$C$2:$C$200,A6)) -> AC105 | D6: SHL | E6: Shell | G6: =COUNTIF(SKUs!$D$2:$D$105,D6) -> 3 | I6: XS | J6: Extra Small | K6: =COUNTIF(SKUs!$F$2:$F$105,I6) -> 5
A7: PT | B7: Parts / Components | C7: =A7&(101+COUNTIF(Styles!$C$2:$C$200,A7)) -> PT103 | D7: SNS | E7: Sunshine | G7: =COUNTIF(SKUs!$D$2:$D$105,D7) -> 3 | I7: SM | J7: Small | K7: =COUNTIF(SKUs!$F$2:$F$105,I7) -> 5
A8: OT | B8: Other | C8: =A8&(101+COUNTIF(Styles!$C$2:$C$200,A8)) -> OT102 | D8: HPK | E8: Hot Pink | G8: =COUNTIF(SKUs!$D$2:$D$105,D8) -> 4 | I8: MD | J8: Medium | K8: =COUNTIF(SKUs!$F$2:$F$105,I8) -> 6
A9: IN | B9: Intimates | C9: =A9&(101+COUNTIF(Styles!$C$2:$C$200,A9)) -> IN102 | D9: SPS | E9: Splash | F9: SLPS | G9: =COUNTIF(SKUs!$D$2:$D$105,D9) -> 3 | I9: LG | J9: Large | K9: =COUNTIF(SKUs!$F$2:$F$105,I9) -> 5
D10: SPL | E10: Splish | G10: =COUNTIF(SKUs!$D$2:$D$105,D10) -> 3 | I10: PT | J10: Petite | K10: =COUNTIF(SKUs!$F$2:$F$105,I10) -> 3
D11: RST | E11: Red Stripe | G11: =COUNTIF(SKUs!$D$2:$D$105,D11) -> 3 | I11: OS | J11: One Size | K11: =COUNTIF(SKUs!$F$2:$F$105,I11) -> 32
D12: WLT | E12: Wiltshire (Red) | G12: =COUNTIF(SKUs!$D$2:$D$105,D12) -> 4 | I12: XL | J12: Extra Large | K12: =COUNTIF(SKUs!$F$2:$F$105,I12) -> 4
D13: BTS | E13: Betsey (Green) | G13: =COUNTIF(SKUs!$D$2:$D$105,D13) -> 4
D14: CHC | E14: Chocolate | F14: CHOC | G14: =COUNTIF(SKUs!$D$2:$D$105,D14) -> 4
D15: SLV | E15: Silver | G15: =COUNTIF(SKUs!$D$2:$D$105,D15) -> 5
D16: GLD | E16: Gold | G16: =COUNTIF(SKUs!$D$2:$D$105,D16) -> 3
D17: MRS | E17: Maraschino | G17: =COUNTIF(SKUs!$D$2:$D$105,D17) -> 3
D18: VRD | E18: Verdant | G18: =COUNTIF(SKUs!$D$2:$D$105,D18) -> 3
D19: CSP | E19: Caspian | G19: =COUNTIF(SKUs!$D$2:$D$105,D19) -> 3
D20: CHP | E20: Champagne | G20: =COUNTIF(SKUs!$D$2:$D$105,D20) -> 1
D21: OLV | E21: Olive | G21: =COUNTIF(SKUs!$D$2:$D$105,D21) -> 1
D22: DBL | E22: Denim Baby Blue | F22: DNM(BLU) | G22: =COUNTIF(SKUs!$D$2:$D$105,D22) -> 1
D23: DPK | E23: Denim Pink | F23: DNM(PNK) | G23: =COUNTIF(SKUs!$D$2:$D$105,D23) -> 1
D24: FLG | E24: Floral / Gold | G24: =COUNTIF(SKUs!$D$2:$D$105,D24) -> 1
D25: DCH | E25: Dark Chocolate | G25: =COUNTIF(SKUs!$D$2:$D$105,D25) -> 4
D26: NAT | E26: Natural | G26: =COUNTIF(SKUs!$D$2:$D$105,D26) -> 2
D27: BDD | E27: Beaded | G27: =COUNTIF(SKUs!$D$2:$D$105,D27) -> 1
D28: NKD | E28: Naked | G28: =COUNTIF(SKUs!$D$2:$D$105,D28) -> 1
D29: STD | E29: Standard | G29: =COUNTIF(SKUs!$D$2:$D$105,D29) -> 1
D30: PNK | E30: Pink | G30: =COUNTIF(SKUs!$D$2:$D$105,D30) -> 10
D31: PRP | E31: Purple | G31: =COUNTIF(SKUs!$D$2:$D$105,D31) -> 5

Sheet To Confirm
A1: # | B1: Item | C1: What I assumed | D1: Why it matters | E1: Your answer
A2: 1 | B2: Cleo Bag as one style | C2: All Cleo Bag colors (Olive, Denim included) sit under BG101. | D2: Mouse tracks five Cleo Bag products. Each maps to a colorway under BG101. | E2: Confirmed Oct 8
A3: 2 | B3: Bean Bag sizes | C3: Petite and Medium are sizes of one style, BG105. | E3: Confirmed Oct 8
A4: 3 | B4: Cleo Tee prints | C4: Neverworns/Splash, Splish, Sunshine etc. are colorways of TP101. | E4: Confirmed Oct 8
A5: 4 | B5: Bateau kits and handle | C5: Bag = body (PT101/PT102) + AC102 handle, same color. Handle fits both sizes and is also sold alone. | E5: Confirmed Oct 8
A6: 5 | B6: Square-only items | C6: Peony and Big Gold Bag are discontinued, so no numbers. | E6: Confirmed Oct 8
A7: 6 | B7: 5to7 Skirt | C7: BT101, sizes XS to XL (XL added to the size list). Product exists, not in Shopify yet. | D7: Is Pink/Purple two colorways (PNK, PRP) or one pink-purple piece? Is Mouse's New Skirt (PO 2362) the same thing? | E7: OPEN
A8: 7 | B8: Cleo Underwear | C8: IN101 in a new category, IN (Intimates). Sizes XS to XL. White and Pink as two colorways. | D8: Underwear doesn't fit the existing categories. Say if you'd rather file it under AC. | E8: OPEN
A9: 8 | B9: Red Bean Bag | C9: BG105-RED-PT, status Live Only. Not in Shopify. | D9: Sold in person only, so it needs a code but no Shopify listing. Is Mouse's Red Bag the same thing? | E9: OPEN
A10: 9 | B10: New Blue (Cleo Tee) | C10: No code yet. | D10: Mouse has a Cleo Tee color called New Blue. Shopify has no such color. It may be Splish, which Shopify describes as vacation blue. Ask Cleo. | E10: OPEN
A11: 10 | B11: Name matches | C11: Ruby Red = RED, Cosmo Stripe Tee = TP102, Hair Tie = AC103, based on the POs and Shopify. | D11: If any of these are different patterns they need their own numbers. | E11: OPEN
A12: 11 | B12: Proposed numbers for products in development | C12: TP103 Cleo Sweater, TP104 Cleo Tank, TP105 Long Sleeve Cleo Tee, DR103 Cleo Tee Dress, DR104 Scoop Neck Dress, DR105 Christmas Dress, BT102 Tutu. | D12: Numbers are cheap but never reused, so strike any you don't want before they go to partners. | E12: OPEN
A13: 12 | B13: Unknown products | C13: Dolce, Silk Flowers and Red Bag have no number. | D13: I don't know what these are. Tell me the category and whether each is a new pattern. | E13: OPEN
A14: 13 | B14: Cachet colorway | C14: FLG (Floral / Gold) is a placeholder code. | D14: Only one variant exists. | E14: OPEN
